300.6	312.1	char=MRSGUMP tags=neg,other,fear,verbal arousal=0.00 val_pos=0.00 val_neg=0.67
300.6	312.1	char=MAN tags=la,pos arousal=-0.67 val_pos=0.67 val_neg=0.00
363.1	385.7	char=MRSGUMP tags=neg,other,verbal arousal=0.00 val_pos=0.33 val_neg=1.00
402.9	425.7	char=FORRESTVO tags=la,pos,other arousal=-0.67 val_pos=0.67 val_neg=0.00
443.5	447.8	char=MAN tags=la,neg,other arousal=-0.67 val_pos=0.00 val_neg=0.67
475.6	496.2	char=MRSGUMP tags=neg,other arousal=0.00 val_pos=0.00 val_neg=0.67
507.8	517.0	char=MAN tags=la,pos,other,verbal arousal=-0.83 val_pos=0.83 val_neg=0.00
512.4	517.0	char=MRSGUMP tags=la,neg,verbal arousal=-0.67 val_pos=0.00 val_neg=0.67
555.8	586.6	char=MRSGUMP tags=la,neg arousal=-0.67 val_pos=0.00 val_neg=0.67
595.0	612.2	char=MAN tags=la,pos,other,happiness,verbal arousal=-1.00 val_pos=1.00 val_neg=0.00
632.6	636.4	char=MRSGUMP tags=neg,other,verbal arousal=-0.17 val_pos=0.00 val_neg=0.67
636.4	657.0	char=ELVISPRESLEY tags=pos,other arousal=0.00 val_pos=0.67 val_neg=0.00
636.4	657.0	char=FORRESTVO tags=la,pos,self,happiness arousal=-0.67 val_pos=0.67 val_neg=0.00
636.4	657.0	char=MRSGUMP tags=la,neg,other,verbal arousal=-0.67 val_pos=0.33 val_neg=0.67
657.0	669.7	char=FORRESTVO tags=la,pos,self,happiness,verbal arousal=-0.83 val_pos=1.00 val_neg=0.00
712.8	721.4	char=MRSGUMP tags=pos,other,verbal arousal=0.00 val_pos=0.67 val_neg=0.00
740.8	743.2	char=WOMAN tags=pos,happiness,audio arousal=-0.33 val_pos=0.67 val_neg=0.33
743.2	752.3	char=WOMAN tags=la,pos,happiness,audio arousal=-0.67 val_pos=0.67 val_neg=0.00
755.3	758.0	char=BOY tags=la,neg,other,contempt,verbal arousal=-0.67 val_pos=0.00 val_neg=0.67
759.4	760.7	char=BOY tags=la,neg,other,contempt,verbal arousal=-0.67 val_pos=0.00 val_neg=0.67
761.7	770.3	char=BOY tags=la,neg,other,contempt,verbal arousal=-0.67 val_pos=0.00 val_neg=0.67
778.6	791.1	char=FORREST tags=pos,other,love,verbal arousal=-0.33 val_pos=0.67 val_neg=0.33
791.1	806.4	char=FORRESTVO tags=la,pos,other,love,verbal arousal=-1.00 val_pos=1.00 val_neg=0.00
808.1	813.5	char=FORREST tags=la,neg arousal=-0.67 val_pos=0.00 val_neg=0.67
813.5	833.6	char=FORRESTVO tags=la,pos,other,verbal arousal=-0.67 val_pos=0.67 val_neg=0.00
840.0	865.3	char=FORRESTVO tags=pos,other,verbal arousal=-0.33 val_pos=1.00 val_neg=0.00
852.2	857.3	char=JENNY tags=pos,other,verbal arousal=0.33 val_pos=1.00 val_neg=0.00
872.4	886.2	char=FORRESTVO tags=la,pos,other,love,verbal arousal=-1.00 val_pos=1.00 val_neg=0.00
872.4	886.2	char=FORREST tags=la arousal=-0.67 val_pos=0.33 val_neg=0.33
886.2	891.2	char=FORREST tags=la,neg,self,sadness,narrator arousal=-1.00 val_pos=0.00 val_neg=1.00
891.2	899.9	char=FORREST tags=neg,self,sadness,narrator arousal=-0.33 val_pos=0.33 val_neg=0.67
901.9	903.0	char=BOY tags=neg,other,verbal arousal=0.00 val_pos=0.00 val_neg=0.67
905.0	909.1	char=BOY tags=neg,other,verbal arousal=0.00 val_pos=0.00 val_neg=0.67
906.1	910.6	char=JENNY tags=other,verbal arousal=0.00 val_pos=0.33 val_neg=0.33
910.6	914.9	char=JENNY tags=ha,other,verbal arousal=0.67 val_pos=0.33 val_neg=0.33
916.5	925.0	char=BOY tags=ha arousal=0.67 val_pos=0.33 val_neg=0.33
920.0	928.2	char=JENNY tags=ha,neg,other,fear,verbal arousal=1.00 val_pos=0.00 val_neg=1.00
928.2	931.2	char=BOY tags=verbal arousal=0.00 val_pos=0.33 val_neg=0.33
937.4	948.2	char=JENNY tags=pos,other,verbal arousal=0.33 val_pos=0.67 val_neg=0.33
980.1	985.0	char=FORREST tags=pos,self arousal=0.00 val_pos=0.67 val_neg=0.00
985.0	991.3	char=FORREST tags=pos,self,happiness arousal=0.00 val_pos=0.67 val_neg=0.00
991.3	1009.0	char=BOY tags=neg,other,verbal arousal=0.17 val_pos=0.00 val_neg=0.83
991.3	1009.0	char=FORREST tags=ha arousal=0.67 val_pos=0.33 val_neg=0.33
1018.8	1026.8	char=MAN tags=la,neg,other,contempt,verbal arousal=-0.67 val_pos=0.00 val_neg=0.67
1061.3	1110.4	char=JENNY tags=neg,self,fear,verbal arousal=-0.33 val_pos=0.00 val_neg=1.00
1061.3	1110.4	char=JENNYSDAD tags=ha,neg,other,verbal arousal=1.00 val_pos=0.00 val_neg=1.00
1144.5	1149.4	char=JENNY tags=neg,other,verbal arousal=0.33 val_pos=0.00 val_neg=1.00
1144.5	1166.4	char=OLDERBOYS tags=neg,other,contempt,verbal arousal=0.33 val_pos=0.33 val_neg=0.67
1149.4	1162.1	char=JENNY tags=neg,other,fear,verbal arousal=0.33 val_pos=0.00 val_neg=1.00
1162.1	1163.2	char=JENNY tags=ha,neg,other,verbal arousal=0.67 val_pos=0.00 val_neg=0.67
1166.4	1171.7	char=OLDERBOYS tags=pos,neg,other,contempt,verbal arousal=0.33 val_pos=0.67 val_neg=0.67
1171.7	1178.8	char=OLDERBOYS tags=pos,other,audio,verbal arousal=0.33 val_pos=1.00 val_neg=0.00
1178.8	1194.1	char=OLDERBOYS tags=pos arousal=0.00 val_pos=0.67 val_neg=0.00
1189.6	1194.1	char=JENNY tags=neg,other,verbal arousal=0.17 val_pos=0.00 val_neg=0.83
1201.9	1210.8	char=OLDERBOYS tags=ha,pos,self,happiness,audio,verbal arousal=1.00 val_pos=1.00 val_neg=0.00
1210.8	1218.3	char=OLDERBOYS tags=ha,pos,self arousal=0.67 val_pos=0.67 val_neg=0.00
1226.8	1231.2	char=MAN tags=pos,other,admiration,verbal arousal=0.33 val_pos=0.67 val_neg=0.33
1231.2	1232.9	char=MAN tags=ha,other,verbal arousal=0.67 val_pos=0.33 val_neg=0.33
1232.9	1236.0	char=MAN tags=pos,other arousal=0.33 val_pos=0.67 val_neg=0.33
1236.0	1241.1	char=FORRESTVO tags=la,pos,self,happiness,verbal arousal=-1.00 val_pos=1.00 val_neg=0.00
1244.9	1284.4	char=MAN tags=ha,neg,other,verbal arousal=1.00 val_pos=0.33 val_neg=0.67
1284.4	1292.6	char=MAN tags=pos,neg,other,contempt,happiness,verbal arousal=0.33 val_pos=1.00 val_neg=0.67
1319.9	1323.3	char=JENNY tags=self arousal=0.00 val_pos=0.33 val_neg=0.33
1329.7	1384.9	char=JENNY tags=neg,other,fear,verbal arousal=0.00 val_pos=0.00 val_neg=1.00
1329.7	1384.9	char=FORREST tags=neg,self,other,remorse,context,narrator,verbal arousal=0.33 val_pos=0.00 val_neg=1.00
1329.7	1384.9	char=MAN tags=ha,neg,other,hate,verbal arousal=1.00 val_pos=0.00 val_neg=1.00
1384.9	1397.8	char=JENNY tags=verbal arousal=0.00 val_pos=0.33 val_neg=0.33
1397.8	1440.2	char=JENNY tags=pos,self,hope,verbal arousal=-0.33 val_pos=1.00 val_neg=0.00
1397.8	1447.0	char=FORREST tags=ha,verbal arousal=0.67 val_pos=0.33 val_neg=0.33
1440.2	1447.0	char=JENNY tags=pos,self,other,hope,love,verbal arousal=0.00 val_pos=1.00 val_neg=0.00
1447.0	1457.9	char=JENNY tags=pos,other,love arousal=0.00 val_pos=0.67 val_neg=0.00
1447.0	1457.9	char=FORREST tags=ha,other,verbal arousal=0.67 val_pos=0.33 val_neg=0.33
1457.9	1482.6	char=JENNY tags=pos,other,love,verbal arousal=0.00 val_pos=0.67 val_neg=0.33
1457.9	1482.6	char=FORREST tags=pos,neg,self,other,verbal arousal=0.00 val_pos=0.67 val_neg=0.67
1482.6	1492.0	char=JENNY tags=pos,other,verbal arousal=-0.33 val_pos=0.67 val_neg=0.33
1482.6	1492.0	char=FORREST tags=neg,self,verbal arousal=-0.33 val_pos=0.33 val_neg=0.67
1492.0	1515.6	char=JENNY tags=pos,other,love,verbal arousal=0.00 val_pos=1.00 val_neg=0.33
1492.0	1515.6	char=FORREST tags=pos,neg,self,happiness,verbal arousal=0.00 val_pos=1.00 val_neg=0.67
1515.6	1525.4	char=GIRL tags=la,neg,other,contempt,verbal arousal=-0.67 val_pos=0.00 val_neg=0.67
1515.6	1525.4	char=JENNY tags=pos,other,contempt,love,verbal arousal=0.00 val_pos=1.00 val_neg=0.33
1515.6	1525.4	char=FORREST tags=pos,neg,self,happiness,shame,verbal arousal=-0.33 val_pos=1.00 val_neg=1.00
1580.2	1594.4	char=MAN tags=la,pos,self,pride,verbal arousal=-0.67 val_pos=0.67 val_neg=0.00
1594.4	1599.3	char=PRESIDENTKENNEDY tags=la,pos,other,happiness,verbal arousal=-1.00 val_pos=1.00 val_neg=0.00
1645.6	1658.6	char=MRSGUMP tags=pos,other,pride,verbal arousal=0.33 val_pos=1.00 val_neg=0.00
1658.6	1661.2	char=MRSGUMP tags=pos,other,pride arousal=0.00 val_pos=0.67 val_neg=0.00
1661.2	1667.6	char=MAN tags=ha,neg,other,verbal arousal=1.00 val_pos=0.00 val_neg=1.00
1667.6	1690.2	char=FORREST tags=la,neg,self arousal=-0.67 val_pos=0.00 val_neg=0.67
1667.6	1681.9	char=MAN tags=neg,other,contempt,verbal arousal=0.00 val_pos=0.00 val_neg=1.00
1692.6	1735.5	char=FORREST tags=la,neg,self arousal=-0.67 val_pos=0.00 val_neg=0.67
1739.6	1759.2	char=FORRESTVO tags=la,pos,happiness arousal=-0.67 val_pos=0.67 val_neg=0.00
1744.9	1759.2	char=MAN tags=ha,other arousal=0.67 val_pos=0.33 val_neg=0.33
1759.2	1796.5	char=MAN tags=ha,neg,other,verbal arousal=1.00 val_pos=0.33 val_neg=0.67
1796.5	1845.6	char=MAN tags=pos,neg,other,admiration,verbal arousal=0.00 val_pos=1.00 val_neg=0.67
1871.9	1907.4	char=FORRESTVO tags=la,neg,self,sadness,verbal arousal=-1.00 val_pos=0.00 val_neg=1.00
1871.9	1898.5	char=MAN tags=pos,self,happiness,verbal arousal=-0.33 val_pos=1.00 val_neg=0.00
1998.9	2004.9	char=MAN tags=other,verbal arousal=0.00 val_pos=0.33 val_neg=0.33
2029.0	2042.0	char=JENNY tags=ha,neg,other,verbal arousal=1.00 val_pos=0.00 val_neg=1.00
2029.0	2049.6	char=FORREST tags=neg,other,verbal arousal=0.33 val_pos=0.00 val_neg=1.00
2042.0	2045.4	char=JENNY tags=ha,neg,verbal arousal=0.67 val_pos=0.00 val_neg=0.67
2045.4	2049.6	char=JENNY tags=neg,verbal arousal=0.33 val_pos=0.00 val_neg=0.67
2049.6	2083.2	char=JENNY tags=neg,self,sadness,verbal arousal=-0.33 val_pos=0.00 val_neg=1.00
2049.6	2073.3	char=FORREST tags=neg,verbal arousal=0.00 val_pos=0.00 val_neg=0.67
2073.3	2083.2	char=FORREST tags=neg,other,fear,verbal arousal=0.00 val_pos=0.00 val_neg=1.00
2083.2	2089.7	char=JENNY tags=neg,self,sadness arousal=0.00 val_pos=0.00 val_neg=0.67
2083.2	2089.7	char=FORREST tags=la,neg,other,fear arousal=-0.67 val_pos=0.00 val_neg=0.67
2089.7	2103.4	char=JENNY tags=ha,neg,self,other,sadness,verbal arousal=0.67 val_pos=0.00 val_neg=1.00
2089.7	2103.4	char=FORREST tags=neg,other,fear,sadness,verbal arousal=0.00 val_pos=0.00 val_neg=1.00
2103.4	2115.8	char=JENNY tags=ha,neg,verbal arousal=0.67 val_pos=0.00 val_neg=0.67
2103.4	2115.8	char=FORREST tags=neg,other,sadness,verbal arousal=-0.33 val_pos=0.00 val_neg=1.00
2115.8	2131.7	char=JENNY tags=neg,other,verbal arousal=-0.17 val_pos=0.00 val_neg=1.00
2115.8	2135.8	char=FORREST tags=neg,sadness,verbal arousal=0.00 val_pos=0.00 val_neg=0.67
2131.7	2147.8	char=JENNY tags=neg,verbal arousal=0.00 val_pos=0.00 val_neg=0.67
2135.8	2137.2	char=FORREST tags=pos,neg,other,sadness,verbal arousal=-0.33 val_pos=0.67 val_neg=0.67
2137.2	2142.5	char=FORREST tags=pos,other,verbal arousal=-0.33 val_pos=0.67 val_neg=0.33
2142.5	2150.7	char=FORREST tags=verbal arousal=0.00 val_pos=0.33 val_neg=0.33
2150.7	2166.6	char=BUBBA tags=la,neg,other,fear,narrator arousal=-1.00 val_pos=0.00 val_neg=1.00
2150.7	2166.6	char=FORREST tags=la,neg,other,fear,narrator arousal=-1.00 val_pos=0.00 val_neg=1.00
2166.6	2217.8	char=BUBBA tags=la,neg,fear,narrator arousal=-0.67 val_pos=0.00 val_neg=0.67
2166.6	2217.8	char=FORREST tags=la,neg,fear,narrator arousal=-0.67 val_pos=0.00 val_neg=0.67
2286.8	2309.0	char=DAN tags=neg,other,verbal arousal=0.00 val_pos=0.17 val_neg=0.83
2312.1	2359.6	char=DAN tags=neg,other,verbal arousal=0.00 val_pos=0.00 val_neg=0.83
2315.4	2359.6	char=FORREST tags=la,neg,self,fear,verbal arousal=-1.00 val_pos=0.33 val_neg=0.67
2386.8	2396.8	char=MAN tags=neg,other,verbal arousal=0.33 val_pos=0.00 val_neg=1.00
2396.8	2421.2	char=MAN tags=neg,verbal arousal=0.00 val_pos=0.00 val_neg=0.67
2406.0	2421.2	char=DAN tags=neg,verbal arousal=0.00 val_pos=0.00 val_neg=0.67
2443.0	2451.3	char=MAN tags=neg,fear,verbal arousal=0.00 val_pos=0.00 val_neg=0.67
2516.8	2583.1	char=BUBBA tags=la,pos,self,other,happiness,love,verbal arousal=-0.67 val_pos=1.00 val_neg=0.00
2618.8	2921.6	char=BUBBA tags=ha,neg,fear,verbal arousal=0.67 val_pos=0.00 val_neg=0.67
2618.8	2712.2	char=DAN tags=ha,neg,fear,verbal arousal=0.67 val_pos=0.00 val_neg=0.67
2678.8	2709.2	char=MAN tags=ha,neg,self,fear,verbal arousal=0.67 val_pos=0.00 val_neg=0.67
2712.2	2715.4	char=DAN tags=ha,neg,other,fear,verbal arousal=1.00 val_pos=0.00 val_neg=1.00
2715.4	2723.1	char=DAN tags=ha,neg,other,verbal arousal=1.00 val_pos=0.00 val_neg=1.00
2723.1	2831.0	char=DAN tags=ha,neg,verbal arousal=0.67 val_pos=0.00 val_neg=0.67
2744.1	2780.6	char=FORREST tags=neg,other,fear arousal=0.33 val_pos=0.00 val_neg=1.00
2761.8	2766.6	char=MAN tags=neg,self,fear arousal=0.00 val_pos=0.00 val_neg=0.67
2766.6	2780.6	char=MAN tags=neg,self,fear,verbal arousal=-0.33 val_pos=0.00 val_neg=1.00
2780.6	2826.3	char=FORREST tags=ha,neg,fear arousal=0.67 val_pos=0.00 val_neg=0.67
2780.6	2783.4	char=MAN tags=neg,verbal arousal=0.00 val_pos=0.00 val_neg=0.67
2783.4	2791.3	char=MAN tags=neg,self,fear,verbal arousal=0.33 val_pos=0.00 val_neg=1.00
2791.3	2818.3	char=MAN tags=neg,verbal arousal=0.00 val_pos=0.00 val_neg=0.67
2818.3	2823.4	char=MAN tags=neg,self,fear,verbal arousal=0.33 val_pos=0.00 val_neg=1.00
2823.4	3059.9	char=MAN tags=neg,fear,verbal arousal=0.00 val_pos=0.00 val_neg=0.67
2826.3	2930.0	char=FORREST tags=ha,neg,self,fear,verbal arousal=1.00 val_pos=0.00 val_neg=1.00
2831.0	2856.3	char=DAN tags=ha,neg,self,other,fear,verbal arousal=1.00 val_pos=0.00 val_neg=1.00
2856.3	2914.4	char=DAN tags=ha,neg,other,verbal arousal=1.00 val_pos=0.00 val_neg=1.00
2914.4	3001.9	char=DAN tags=ha,neg,verbal arousal=0.67 val_pos=0.00 val_neg=0.67
2921.6	3027.9	char=BUBBA tags=neg,self,fear,verbal arousal=-0.33 val_pos=0.00 val_neg=1.00
2930.0	2938.2	char=FORREST tags=neg,other,fear,sadness,verbal arousal=-0.33 val_pos=0.00 val_neg=1.00
2938.2	2976.8	char=FORREST tags=la,neg,other,sadness,verbal arousal=-1.00 val_pos=0.00 val_neg=1.00
2976.8	3001.9	char=FORREST tags=neg,self,other,fear,sadness,verbal arousal=-0.33 val_pos=0.00 val_neg=1.00
3001.9	3059.9	char=DAN tags=neg,verbal arousal=0.00 val_pos=0.00 val_neg=0.67
3001.9	3041.5	char=FORREST tags=neg,self,fear,verbal arousal=0.33 val_pos=0.00 val_neg=1.00
3027.9	3041.5	char=BUBBA tags=neg,self,fear,sadness,verbal arousal=-0.33 val_pos=0.00 val_neg=1.00
3041.5	3059.9	char=BUBBA tags=neg,self,verbal arousal=0.00 val_pos=0.00 val_neg=0.67
3041.5	3059.9	char=FORRESTVO tags=la,neg,self,sadness,verbal arousal=-0.67 val_pos=0.00 val_neg=0.67
3041.5	3059.9	char=FORREST tags=ha,neg,self,fear,verbal arousal=0.67 val_pos=0.00 val_neg=0.67
3059.9	3094.0	char=FORREST tags=la,neg,self,sadness arousal=-0.67 val_pos=0.17 val_neg=0.67
3094.0	3125.7	char=FORRESTVO tags=pos,self,happiness,verbal arousal=-0.33 val_pos=1.00 val_neg=0.00
3094.0	3125.7	char=FORREST tags=pos,happiness arousal=0.00 val_pos=0.67 val_neg=0.00
3140.8	3164.7	char=FORREST tags=la arousal=-0.67 val_pos=0.33 val_neg=0.33
3164.7	3171.3	char=FORREST tags=la,neg,self,sadness,narrator arousal=-1.00 val_pos=0.33 val_neg=1.00
3171.3	3225.6	char=MAN tags=neg,other,verbal arousal=-0.33 val_pos=0.00 val_neg=1.00
3235.0	3251.9	char=DAN tags=la,neg,self,sadness,narrator arousal=-1.00 val_pos=0.00 val_neg=1.00
3267.8	3276.6	char=FORREST tags=pos,self,happiness,verbal arousal=0.00 val_pos=1.00 val_neg=0.33
3314.9	3316.8	char=PRESIDENTJOHNSON tags=la,pos,other,verbal arousal=-0.67 val_pos=0.67 val_neg=0.00
3316.8	3323.6	char=PRESIDENTJOHNSON tags=pos,other,verbal arousal=-0.33 val_pos=0.67 val_neg=0.33
3323.6	3327.4	char=MRSGUMP tags=ha,neg,other,shame arousal=0.67 val_pos=0.00 val_neg=0.67
3323.6	3327.4	char=PRESIDENTJOHNSON tags=other arousal=0.00 val_pos=0.33 val_neg=0.33
3330.7	3334.7	char=PRESIDENTJOHNSON tags=la,pos,other,happiness,verbal arousal=-1.00 val_pos=1.00 val_neg=0.00
3369.4	3478.0	char=CROWD tags=ha,pos,happiness,verbal arousal=0.67 val_pos=0.67 val_neg=0.00
3413.7	3478.0	char=ABBIEHOFFMAN tags=ha,verbal arousal=0.67 val_pos=0.33 val_neg=0.33
3418.1	3438.5	char=MAN tags=pos,verbal arousal=0.00 val_pos=0.67 val_neg=0.00
3490.4	3519.9	char=WOMAN tags=neg,other,verbal arousal=0.33 val_pos=0.00 val_neg=1.00
3490.4	3504.3	char=CROWD tags=neg,verbal arousal=0.00 val_pos=0.17 val_neg=0.67
3490.4	3500.8	char=MAN tags=ha,other,verbal arousal=0.67 val_pos=0.33 val_neg=0.33
3504.3	3507.5	char=CROWD tags=neg,other,verbal arousal=0.33 val_pos=0.00 val_neg=1.00
3507.5	3519.9	char=CROWD tags=neg,verbal arousal=0.00 val_pos=0.00 val_neg=0.67
3516.0	3526.0	char=ABBIEHOFFMAN tags=ha,neg,other arousal=0.67 val_pos=0.17 val_neg=0.67
3526.0	3535.9	char=ABBIEHOFFMAN tags=ha,other arousal=0.67 val_pos=0.33 val_neg=0.33
3535.9	3578.5	char=JENNY tags=ha,pos,other,happiness,verbal arousal=1.00 val_pos=1.00 val_neg=0.00
3546.2	3578.5	char=FORREST tags=ha,pos,happiness arousal=0.67 val_pos=0.67 val_neg=0.00
3564.0	3578.5	char=CROWD tags=ha,pos,verbal arousal=0.67 val_pos=0.67 val_neg=0.00
3567.6	3578.5	char=FORRESTVO tags=la,pos,self,happiness,verbal arousal=-0.67 val_pos=0.67 val_neg=0.00
3587.2	3593.6	char=MAN tags=ha,neg,other,verbal arousal=0.67 val_pos=0.00 val_neg=0.67
3593.6	3639.5	char=MAN tags=neg,other,verbal arousal=0.00 val_pos=0.00 val_neg=0.67
3647.0	3680.4	char=FORREST tags=ha,neg,other,narrator arousal=0.67 val_pos=0.00 val_neg=0.67
3656.2	3680.4	char=JENNY tags=ha,neg,other,verbal arousal=0.67 val_pos=0.00 val_neg=0.67
3662.7	3680.4	char=MAN tags=neg,other arousal=0.00 val_pos=0.00 val_neg=0.67
3680.4	3694.5	char=FORREST tags=ha,neg,other arousal=0.67 val_pos=0.00 val_neg=0.67
3694.5	3700.7	char=FORREST tags=neg,other arousal=0.33 val_pos=0.00 val_neg=0.67
3700.7	3752.2	char=JENNY tags=la,pos,self,other,admiration,shame,verbal arousal=-1.00 val_pos=1.00 val_neg=0.33
3700.7	3752.2	char=FORRESTVO tags=la,pos,other,love arousal=-0.67 val_pos=0.67 val_neg=0.00
3700.7	3752.2	char=FORREST tags=la,pos,other,happiness,verbal arousal=-0.67 val_pos=1.00 val_neg=0.33
3776.4	3777.8	char=MAN tags=pos,happiness,verbal arousal=0.00 val_pos=0.67 val_neg=0.00
3777.8	3818.0	char=FORRESTVO tags=la,pos,other,love,verbal arousal=-0.67 val_pos=0.67 val_neg=0.00
3785.5	3818.0	char=JENNY tags=la,neg,other,narrator arousal=-1.00 val_pos=0.33 val_neg=0.67
3785.5	3806.1	char=FORREST tags=la,verbal arousal=-0.67 val_pos=0.33 val_neg=0.33
3785.5	3806.1	char=MAN tags=neg,self,remorse,verbal arousal=-0.33 val_pos=0.00 val_neg=1.00
3806.1	3832.5	char=FORREST tags=ha,neg,other,hate,verbal arousal=1.00 val_pos=0.00 val_neg=1.00
3818.0	3832.5	char=JENNY tags=la,neg,other,sadness,narrator,verbal arousal=-0.67 val_pos=0.33 val_neg=0.67
3832.5	3844.9	char=JENNY tags=la,neg,sadness,verbal arousal=-0.67 val_pos=0.00 val_neg=0.67
3832.5	3844.9	char=FORREST tags=neg,other,hate,context,verbal arousal=0.00 val_pos=0.33 val_neg=0.67
3844.9	3850.5	char=JENNY tags=la,pos,neg,other,sadness,verbal arousal=-1.00 val_pos=1.00 val_neg=0.67
3844.9	3850.5	char=FORREST tags=la,pos,neg,other,love,context arousal=-0.67 val_pos=0.67 val_neg=0.67
3850.5	3863.6	char=JENNY tags=la,pos,other,verbal arousal=-1.00 val_pos=1.00 val_neg=0.00
3850.5	3868.5	char=FORREST tags=la,pos,other,love,context arousal=-1.00 val_pos=0.67 val_neg=0.33
3863.6	3880.1	char=JENNY tags=la,pos,other,love,verbal arousal=-1.00 val_pos=1.00 val_neg=0.00
3868.5	3882.9	char=FORREST tags=pos,other,love,context arousal=-0.33 val_pos=0.67 val_neg=0.33
3880.1	3882.9	char=JENNY tags=la,pos,other,love arousal=-1.00 val_pos=1.00 val_neg=0.00
3882.9	3884.2	char=JENNY tags=la,pos,other,happiness,love,narrator arousal=-1.00 val_pos=1.00 val_neg=0.00
3882.9	3884.2	char=FORREST tags=la,pos,other,happiness,love,narrator arousal=-0.67 val_pos=1.00 val_neg=0.00
3884.2	3905.2	char=JENNY tags=la,pos,other,happiness,narrator arousal=-1.00 val_pos=1.00 val_neg=0.00
3884.2	3886.1	char=FORREST tags=la,pos,neg,other,happiness,hate,narrator arousal=-1.00 val_pos=1.00 val_neg=0.67
3886.1	3900.3	char=FORREST tags=la,neg,other,hate,narrator arousal=-1.00 val_pos=0.33 val_neg=0.67
3900.3	3905.2	char=FORREST tags=la,pos,neg,other,hate,context,narrator arousal=-1.00 val_pos=0.67 val_neg=0.67
3905.2	3911.9	char=JENNY tags=la,pos,happiness,narrator arousal=-0.67 val_pos=0.67 val_neg=0.00
3905.2	3911.9	char=FORRESTVO tags=la,neg,other,sadness,verbal arousal=-1.00 val_pos=0.33 val_neg=1.00
3905.2	3911.9	char=FORREST tags=la,narrator arousal=-0.67 val_pos=0.33 val_neg=0.33
3974.7	3992.6	char=FORREST tags=la,neg,other arousal=-0.67 val_pos=0.00 val_neg=0.67
4020.7	4043.5	char=DAN tags=neg,other,contempt,verbal arousal=-0.33 val_pos=0.00 val_neg=1.00
4031.2	4038.8	char=FORREST tags=pos,happiness,verbal arousal=0.00 val_pos=0.67 val_neg=0.00
4038.8	4043.5	char=FORREST tags=la,pos,self,happiness,verbal arousal=-0.67 val_pos=1.00 val_neg=0.33
4043.5	4069.2	char=DAN tags=neg,other,verbal arousal=0.33 val_pos=0.00 val_neg=1.00
4043.5	4057.0	char=FORREST tags=la arousal=-0.67 val_pos=0.33 val_neg=0.33
4069.2	4078.5	char=DAN tags=ha,neg,other,verbal arousal=0.67 val_pos=0.00 val_neg=0.67
4075.2	4076.1	char=FORREST tags=la,neg,other,fear,verbal arousal=-0.67 val_pos=0.00 val_neg=0.67
4076.1	4078.5	char=FORREST tags=neg,other,fear,context,verbal arousal=0.00 val_pos=0.00 val_neg=1.00
4089.2	4112.1	char=DAN tags=ha,neg,other,verbal arousal=1.00 val_pos=0.00 val_neg=1.00
4089.2	4112.1	char=MAN tags=neg,other,verbal arousal=0.33 val_pos=0.00 val_neg=1.00
4124.1	4138.6	char=DAN tags=la,neg,self,sadness,verbal arousal=-0.83 val_pos=0.00 val_neg=0.83
4138.6	4160.0	char=DAN tags=neg,self,other,sadness,audio,verbal arousal=0.00 val_pos=0.33 val_neg=1.00
4160.0	4163.4	char=DAN tags=neg,other,verbal arousal=0.33 val_pos=0.00 val_neg=1.00
4163.4	4213.3	char=DAN tags=ha,neg,other,verbal arousal=1.00 val_pos=0.00 val_neg=1.00
4213.3	4310.2	char=WOMAN tags=pos,self,other,happiness,hope,audio,verbal arousal=-0.33 val_pos=1.00 val_neg=0.00
4213.3	4310.2	char=DAN tags=pos,other,happiness,audio,verbal arousal=0.33 val_pos=1.00 val_neg=0.33
4310.2	4374.3	char=CROWD tags=ha,pos,self,happiness arousal=0.67 val_pos=0.67 val_neg=0.00
4343.0	4374.3	char=DAN tags=la,neg,self,sadness,narrator arousal=-0.67 val_pos=0.00 val_neg=0.67
4343.0	4374.3	char=FORREST tags=ha,pos,happiness arousal=0.67 val_pos=0.67 val_neg=0.00
4408.6	4488.0	char=PRESIDENTNIXON tags=la,neg,self,sadness arousal=-0.67 val_pos=0.00 val_neg=0.67
4488.0	4544.4	char=MRSGUMP tags=pos,other,happiness,audio arousal=-0.33 val_pos=1.00 val_neg=0.00
4507.7	4544.4	char=WOMAN tags=pos,verbal arousal=0.00 val_pos=0.67 val_neg=0.00
4567.0	4588.7	char=FORREST tags=neg,other,sadness,verbal arousal=-0.33 val_pos=0.00 val_neg=1.00
4614.6	4629.1	char=FORREST tags=pos,self,verbal arousal=-0.33 val_pos=0.67 val_neg=0.33
4659.0	4681.3	char=FORRESTVO tags=pos arousal=0.00 val_pos=0.67 val_neg=0.00
4659.0	4681.3	char=FORREST tags=ha,neg,self,disappointment,verbal arousal=0.67 val_pos=0.00 val_neg=0.67
4659.0	4681.3	char=OLDMAN tags=pos,self,gloating,happiness,verbal arousal=0.33 val_pos=1.00 val_neg=0.00
4681.3	4689.1	char=FORRESTVO tags=pos,other,love,verbal arousal=-0.33 val_pos=1.00 val_neg=0.00
4689.1	4708.4	char=JENNY tags=ha,pos,self,happiness,verbal arousal=0.67 val_pos=0.67 val_neg=0.00
4713.9	4737.3	char=JENNY tags=la,neg,self arousal=-0.67 val_pos=0.00 val_neg=0.67
4774.9	4782.6	char=JENNY tags=neg,self,fear,narrator arousal=0.33 val_pos=0.00 val_neg=0.83
4782.6	4800.7	char=JENNY tags=ha,neg,self,fear,sadness,audio,narrator arousal=0.67 val_pos=0.00 val_neg=1.00
4800.7	4818.8	char=FORREST tags=la,neg,other,sadness,narrator arousal=-1.00 val_pos=0.00 val_neg=1.00
4832.9	4902.6	char=FORREST tags=ha,pos,self,happiness arousal=1.00 val_pos=1.00 val_neg=0.00
4875.5	4889.6	char=DAN tags=pos arousal=0.00 val_pos=0.67 val_neg=0.00
4902.6	4917.0	char=FORREST tags=ha,pos,self,other,happiness arousal=0.67 val_pos=1.00 val_neg=0.33
4917.0	4922.8	char=DAN tags=pos arousal=0.00 val_pos=0.67 val_neg=0.00
4922.8	4935.5	char=DAN tags=pos,other arousal=0.00 val_pos=0.67 val_neg=0.33
4935.5	4943.6	char=DAN tags=other arousal=0.00 val_pos=0.33 val_neg=0.33
4943.6	4951.2	char=DAN tags=pos,self,other,happiness,verbal arousal=0.33 val_pos=1.00 val_neg=0.33
4951.2	4973.6	char=DAN tags=pos,self,happiness,verbal arousal=0.00 val_pos=1.00 val_neg=0.33
4951.2	4973.6	char=FORREST tags=la,neg,self,disappointment,verbal arousal=-0.67 val_pos=0.33 val_neg=1.00
4989.2	5014.5	char=DAN tags=la,neg,other,verbal arousal=-0.67 val_pos=0.00 val_neg=0.67
4989.2	5014.5	char=FORREST tags=neg,self,disappointment,verbal arousal=-0.33 val_pos=0.00 val_neg=0.67
5014.5	5064.6	char=DAN tags=ha,pos,self,verbal arousal=0.67 val_pos=0.67 val_neg=0.33
5014.5	5064.6	char=FORREST tags=ha,neg,self,fear,verbal arousal=0.67 val_pos=0.00 val_neg=0.67
5074.2	5084.7	char=MRSGUMP tags=pos,verbal arousal=0.00 val_pos=0.67 val_neg=0.00
5084.7	5087.1	char=MRSGUMP tags=pos,other,verbal arousal=0.33 val_pos=1.00 val_neg=0.00
5087.1	5090.2	char=FORRESTVO tags=pos,self,verbal arousal=0.00 val_pos=0.67 val_neg=0.00
5099.8	5166.8	char=FORREST tags=ha,pos,self,verbal arousal=0.67 val_pos=0.67 val_neg=0.00
5123.3	5166.8	char=OLDWOMAN tags=pos,other,admiration,verbal arousal=-0.33 val_pos=1.00 val_neg=0.00
5123.3	5141.4	char=MAN tags=pos,self,happiness,verbal arousal=0.33 val_pos=1.00 val_neg=0.00
5171.2	5193.2	char=DAN tags=la,pos,other,gratitude,verbal arousal=-1.00 val_pos=0.67 val_neg=0.33
5193.2	5198.0	char=DAN tags=la,pos,self,other,gratitude,happiness,narrator,verbal arousal=-1.00 val_pos=1.00 val_neg=0.00
5198.0	5207.9	char=DAN tags=la,pos,self,happiness,narrator arousal=-1.00 val_pos=1.00 val_neg=0.00
5207.9	5237.8	char=OLDWOMAN tags=la,pos,self,happiness,verbal arousal=-0.67 val_pos=0.67 val_neg=0.00
5207.9	5237.8	char=FORREST tags=pos,self,happiness,verbal arousal=0.00 val_pos=0.67 val_neg=0.00
5278.9	5290.5	char=MRSBLUE tags=ha,pos,self,happiness arousal=0.67 val_pos=0.67 val_neg=0.00
5292.2	5298.6	char=FORRESTVO tags=pos,self,verbal arousal=0.00 val_pos=0.67 val_neg=0.00
5298.6	5307.3	char=FORRESTVO tags=pos,self,happiness,verbal arousal=-0.33 val_pos=1.00 val_neg=0.00
5307.3	5318.2	char=FORRESTVO tags=la,neg,sadness,verbal arousal=-0.67 val_pos=0.00 val_neg=0.67
5327.1	5349.2	char=FORREST tags=la,neg,self,sadness arousal=-0.67 val_pos=0.00 val_neg=0.67
5411.4	5430.0	char=JENNY tags=la,pos,other,happiness,verbal arousal=-1.00 val_pos=1.00 val_neg=0.00
5414.4	5430.0	char=FORREST tags=pos,other,happiness,verbal arousal=-0.33 val_pos=1.00 val_neg=0.00
5474.1	5481.5	char=JENNY tags=la arousal=-0.67 val_pos=0.33 val_neg=0.33
5481.5	5488.8	char=FORREST tags=la,pos,other,verbal arousal=-0.67 val_pos=0.67 val_neg=0.00
5488.8	5508.1	char=FORREST tags=la,pos,happiness arousal=-0.67 val_pos=0.67 val_neg=0.00
5548.6	5561.0	char=FORREST tags=ha,other,verbal arousal=0.67 val_pos=0.33 val_neg=0.33
5561.0	5565.4	char=JENNY tags=other,verbal arousal=0.00 val_pos=0.33 val_neg=0.33
5565.4	5569.4	char=FORREST tags=neg,other,disappointment,verbal arousal=-0.33 val_pos=0.00 val_neg=0.67
5569.4	5574.0	char=JENNY tags=la,neg,other,verbal arousal=-0.67 val_pos=0.00 val_neg=0.67
5569.4	5601.8	char=FORREST tags=la,neg,other,disappointment,verbal arousal=-1.00 val_pos=0.33 val_neg=1.00
5601.8	5605.1	char=FORREST tags=la,neg,verbal arousal=-0.67 val_pos=0.00 val_neg=0.67
5609.1	5662.7	char=JENNY tags=la,pos,other,love,verbal arousal=-1.00 val_pos=1.00 val_neg=0.00
5609.1	5662.7	char=FORREST tags=la,other arousal=-0.67 val_pos=0.33 val_neg=0.33
5679.7	5689.5	char=JENNY tags=neg,other,verbal arousal=0.00 val_pos=0.00 val_neg=0.67
5706.6	5737.1	char=FORREST tags=la,neg arousal=-0.67 val_pos=0.00 val_neg=0.67
5847.3	5853.6	char=OLDWOMAN tags=pos,other,admiration,verbal arousal=0.33 val_pos=1.00 val_neg=0.00
5884.4	5900.5	char=FORRESTVO tags=la,other,verbal arousal=-0.67 val_pos=0.33 val_neg=0.33
5909.0	5922.4	char=JENNY tags=pos,other,verbal arousal=-0.33 val_pos=1.00 val_neg=0.00
5940.7	5962.6	char=MAN tags=ha,pos,other,admiration,verbal arousal=1.00 val_pos=1.00 val_neg=0.00
5980.2	6012.3	char=MAN tags=pos,other,admiration,verbal arousal=0.33 val_pos=0.67 val_neg=0.33
6078.3	6106.8	char=MAN tags=pos,other,admiration,verbal arousal=0.33 val_pos=1.00 val_neg=0.17
6106.8	6134.8	char=MAN tags=pos,neg,self,other,admiration,disappointment,verbal arousal=0.33 val_pos=0.67 val_neg=1.00
6153.8	6190.1	char=OLDWOMAN tags=la,pos arousal=-0.67 val_pos=0.67 val_neg=0.00
6153.8	6190.1	char=FORREST tags=la,pos,self,happiness,verbal arousal=-0.67 val_pos=0.67 val_neg=0.00
6190.1	6200.2	char=OLDWOMAN tags=pos arousal=-0.33 val_pos=0.67 val_neg=0.00
6200.2	6202.4	char=JENNY tags=pos,happiness,verbal arousal=0.00 val_pos=0.67 val_neg=0.00
6202.4	6207.2	char=JENNY tags=pos,other,happiness,verbal arousal=0.33 val_pos=1.00 val_neg=0.00
6207.2	6228.6	char=JENNY tags=pos,neg,self,other,happiness,shame,verbal arousal=-0.33 val_pos=1.00 val_neg=0.67
6207.2	6232.3	char=FORREST tags=la,pos,happiness arousal=-0.67 val_pos=0.67 val_neg=0.17
6228.6	6232.3	char=JENNY tags=la,pos,self,other,verbal arousal=-1.00 val_pos=1.00 val_neg=0.33
6232.3	6245.6	char=JENNY tags=la,pos,other,happiness,verbal arousal=-1.00 val_pos=1.00 val_neg=0.00
6232.3	6245.6	char=FORREST tags=la arousal=-0.67 val_pos=0.33 val_neg=0.33
6245.6	6284.6	char=JENNY tags=la,pos,neg,other,shame,verbal arousal=-0.67 val_pos=0.67 val_neg=1.00
6245.6	6284.6	char=FORREST tags=la,pos,other arousal=-1.00 val_pos=0.67 val_neg=0.33
6284.6	6304.0	char=JENNY tags=pos,verbal arousal=0.00 val_pos=0.67 val_neg=0.00
6284.6	6304.0	char=FORREST tags=la arousal=-0.67 val_pos=0.33 val_neg=0.33
6304.0	6339.1	char=JENNY tags=pos,other,love,verbal arousal=-0.33 val_pos=1.00 val_neg=0.00
6304.0	6311.4	char=FORREST tags=pos,other,admiration,verbal arousal=-0.33 val_pos=1.00 val_neg=0.33
6311.4	6339.1	char=FORREST tags=la,pos,neg,self,verbal arousal=-0.67 val_pos=0.67 val_neg=0.67
6339.1	6343.3	char=JENNY tags=pos,other,love arousal=-0.33 val_pos=0.67 val_neg=0.00
6339.1	6359.4	char=FORREST tags=la,neg,self arousal=-0.67 val_pos=0.00 val_neg=0.67
6343.3	6355.3	char=JENNY tags=la,pos,other,love arousal=-0.67 val_pos=0.67 val_neg=0.00
6355.3	6359.4	char=JENNY tags=la,pos,other,love,verbal arousal=-1.00 val_pos=1.00 val_neg=0.00
6359.4	6391.2	char=JENNY tags=pos,other,love,verbal arousal=-0.33 val_pos=0.67 val_neg=0.00
6359.4	6391.2	char=FORREST tags=la,pos,neg,self,other,love,verbal arousal=-0.67 val_pos=0.67 val_neg=0.67
6391.2	6405.9	char=JENNY tags=pos,other,verbal arousal=0.00 val_pos=0.67 val_neg=0.00
6391.2	6412.0	char=FORREST tags=la,pos,other,love,verbal arousal=-1.00 val_pos=0.67 val_neg=0.33
6405.9	6412.0	char=JENNY tags=pos,other,love,verbal arousal=-0.33 val_pos=0.67 val_neg=0.00
6412.0	6418.1	char=JENNY tags=la,pos,other,love,verbal arousal=-0.67 val_pos=0.67 val_neg=0.00
6412.0	6418.1	char=FORREST tags=la,other,verbal arousal=-0.67 val_pos=0.33 val_neg=0.33
6441.8	6462.4	char=FORREST tags=la,pos,neg,other,fear,love,verbal arousal=-1.00 val_pos=0.67 val_neg=0.67
6462.4	6466.6	char=JENNY tags=la,pos,other,love,verbal arousal=-0.67 val_pos=0.67 val_neg=0.33
6462.4	6466.6	char=FORREST tags=la,neg,verbal arousal=-0.67 val_pos=0.33 val_neg=0.67
6466.6	6474.2	char=FORREST tags=la,neg,self,verbal arousal=-0.67 val_pos=0.33 val_neg=0.67
6474.2	6512.1	char=JENNY tags=la,pos,other,love,verbal arousal=-1.00 val_pos=1.00 val_neg=0.00
6512.1	6567.5	char=JENNY tags=la,pos,verbal arousal=-0.67 val_pos=0.67 val_neg=0.00
6515.8	6560.6	char=FORREST tags=la,pos,self,happiness,verbal arousal=-1.00 val_pos=1.00 val_neg=0.00
6533.8	6543.8	char=DAN tags=la,pos,other,happiness,verbal arousal=-1.00 val_pos=1.00 val_neg=0.00
6543.8	6551.4	char=DAN tags=la,pos,other,happiness arousal=-0.67 val_pos=0.67 val_neg=0.00
6554.5	6560.6	char=DAN tags=la,pos,other arousal=-0.67 val_pos=0.67 val_neg=0.00
6560.6	6565.4	char=FORREST tags=la,pos,self,other,happiness,verbal arousal=-1.00 val_pos=1.00 val_neg=0.00
6565.4	6575.7	char=WOMAN tags=la,pos,happiness,verbal arousal=-0.67 val_pos=0.67 val_neg=0.00
6565.4	6567.5	char=FORREST tags=la,pos,verbal arousal=-0.67 val_pos=0.67 val_neg=0.00
6567.5	6575.7	char=JENNY tags=la,pos,other,happiness,verbal arousal=-1.00 val_pos=1.00 val_neg=0.00
6567.5	6582.2	char=DAN tags=la,pos,other arousal=-0.67 val_pos=0.67 val_neg=0.00
6567.5	6575.7	char=FORREST tags=la,pos,other,love,verbal arousal=-1.00 val_pos=1.00 val_neg=0.00
6575.7	6599.5	char=JENNY tags=la,pos,happiness,verbal arousal=-0.67 val_pos=0.67 val_neg=0.00
6575.7	6580.1	char=FORREST tags=la,pos,self,other,pride,narrator,verbal arousal=-1.00 val_pos=1.00 val_neg=0.00
6580.1	6582.2	char=FORREST tags=la,pos,self,pride,narrator arousal=-1.00 val_pos=1.00 val_neg=0.00
6582.2	6613.8	char=FORREST tags=la,pos,self arousal=-0.67 val_pos=0.67 val_neg=0.00
6599.5	6613.8	char=JENNY tags=la,pos,other,happiness,verbal arousal=-1.00 val_pos=1.00 val_neg=0.00
6622.5	6652.2	char=JENNY tags=la arousal=-0.67 val_pos=0.33 val_neg=0.33
6629.6	6652.2	char=FORREST tags=la arousal=-0.67 val_pos=0.33 val_neg=0.33
6696.4	6709.1	char=FORRESTVO tags=la,pos,other,admiration,verbal arousal=-1.00 val_pos=1.00 val_neg=0.00
6711.9	6724.4	char=JENNY tags=la,neg,verbal arousal=-0.67 val_pos=0.00 val_neg=0.67
6715.9	6732.4	char=FORREST tags=la,neg,other,love,verbal arousal=-1.00 val_pos=0.33 val_neg=0.67
6724.4	6727.4	char=JENNY tags=la,neg,self,sadness,narrator,verbal arousal=-1.00 val_pos=0.00 val_neg=1.00
6727.4	6729.6	char=JENNY tags=la,neg,self,sadness,narrator arousal=-1.00 val_pos=0.00 val_neg=1.00
6729.6	6732.4	char=JENNY tags=la,neg,self,other,love,sadness,narrator,verbal arousal=-1.00 val_pos=0.33 val_neg=1.00
6732.4	6739.3	char=JENNY tags=la arousal=-0.67 val_pos=0.33 val_neg=0.33
6732.4	6739.3	char=FORRESTVO tags=la,neg,other,sadness,verbal arousal=-0.67 val_pos=0.00 val_neg=0.67
6732.4	6739.3	char=FORREST tags=la,neg,other,love,sadness,verbal arousal=-1.00 val_pos=0.33 val_neg=0.67
6739.3	6754.8	char=FORREST tags=la,neg,other,sadness,verbal arousal=-1.00 val_pos=0.00 val_neg=1.00
6760.0	6778.3	char=FORREST tags=la,neg,self,sadness,verbal arousal=-1.00 val_pos=0.00 val_neg=1.00
6778.3	6786.9	char=FORRESTVO tags=la,neg,sadness,verbal arousal=-0.67 val_pos=0.00 val_neg=0.67
6786.9	6800.6	char=FORREST tags=la,neg,self,sadness,verbal arousal=-1.00 val_pos=0.00 val_neg=1.00
6800.6	6807.4	char=FORREST tags=pos,other,verbal arousal=0.00 val_pos=0.67 val_neg=0.00
6813.7	6945.0	char=FORREST tags=la,neg,other,sadness,verbal arousal=-1.00 val_pos=0.00 val_neg=1.00
6945.0	6952.2	char=FORREST tags=pos,happiness,verbal arousal=0.00 val_pos=0.67 val_neg=0.00
6952.2	6980.9	char=FORREST tags=pos,self,happiness,verbal arousal=-0.33 val_pos=1.00 val_neg=0.00
6980.9	6986.0	char=FORREST tags=la,pos,self,other,happiness,love,verbal arousal=-0.67 val_pos=1.00 val_neg=0.00
6986.0	6991.8	char=FORREST tags=la,pos,other,love,verbal arousal=-1.00 val_pos=1.00 val_neg=0.00
6991.8	7082.1	char=FORREST tags=la,pos,love,verbal arousal=-0.67 val_pos=0.67 val_neg=0.00
6993.2	7004.4	char=WOMAN tags=pos,other,happiness,narrator arousal=-0.33 val_pos=1.00 val_neg=0.00
7004.4	7013.1	char=WOMAN tags=pos,happiness,narrator arousal=0.00 val_pos=0.67 val_neg=0.00
