168.2	272.3	char=FORREST tags=la,pos,self,happiness,face,verbal arousal=-0.56 val_pos=0.89 val_neg=0.44
168.2	272.3	char=WOMAN tags=la,pos,neg,other,gesture,verbal arousal=-0.78 val_pos=0.56 val_neg=0.78
272.3	286.4	char=FORREST tags=neg,self,face arousal=0.22 val_pos=0.33 val_neg=0.78
286.4	300.6	char=FORREST tags=self,face arousal=0.00 val_pos=0.33 val_neg=0.44
300.6	312.1	char=MRSGUMP tags=ha,neg,other,fear,face,verbal arousal=0.67 val_pos=0.33 val_neg=1.00
312.1	343.1	char=FORRESTVO tags=la,pos,self,verbal arousal=-0.67 val_pos=0.67 val_neg=0.00
353.2	363.1	char=MRSGUMP tags=neg,self,face arousal=-0.11 val_pos=0.00 val_neg=0.78
363.1	385.7	char=MRSGUMP tags=neg,self,other,face,gesture,verbal arousal=-0.11 val_pos=0.44 val_neg=1.00
363.1	385.7	char=FORRESTVO tags=verbal arousal=-0.33 val_pos=0.44 val_neg=0.11
402.9	425.7	char=MRSGUMP tags=la,other,verbal arousal=-0.67 val_pos=0.44 val_neg=0.22
402.9	425.7	char=FORRESTVO tags=la,pos,other,verbal arousal=-0.56 val_pos=0.78 val_neg=0.00
425.7	434.6	char=MRSGUMP tags=pos,other,love,verbal arousal=-0.44 val_pos=0.67 val_neg=0.22
425.7	447.8	char=MAN tags=la,neg,other,face,verbal arousal=-1.00 val_pos=0.00 val_neg=1.00
438.6	447.8	char=MRSGUMP tags=la,pos,verbal arousal=-0.89 val_pos=0.56 val_neg=0.33
447.8	462.5	char=MAN tags=la arousal=-0.67 val_pos=0.33 val_neg=0.44
467.0	492.8	char=MAN tags=la,neg,other,face,verbal arousal=-0.78 val_pos=0.33 val_neg=0.67
471.5	475.6	char=MRSGUMP tags=neg arousal=0.11 val_pos=0.00 val_neg=0.56
475.6	492.8	char=MRSGUMP tags=neg,self,other,face,verbal arousal=-0.11 val_pos=0.11 val_neg=0.89
492.8	500.2	char=MRSGUMP tags=neg,other,face,verbal arousal=-0.17 val_pos=0.28 val_neg=0.83
492.8	496.2	char=MAN tags=la,pos,other,face arousal=-0.56 val_pos=0.56 val_neg=0.33
496.2	507.8	char=FORREST tags=neg,face arousal=-0.33 val_pos=0.00 val_neg=0.78
500.2	507.8	char=MAN tags=pos,other,verbal arousal=-0.22 val_pos=0.67 val_neg=0.22
507.8	512.4	char=MAN tags=pos,other,face,verbal arousal=0.11 val_pos=0.89 val_neg=0.22
512.4	517.0	char=MRSGUMP tags=la,neg,other,face arousal=-1.00 val_pos=0.00 val_neg=1.00
517.0	526.8	char=FORREST tags=la,neg arousal=-0.56 val_pos=0.00 val_neg=0.56
517.0	522.3	char=MRSGUMP tags=la,neg,face arousal=-0.56 val_pos=0.00 val_neg=0.56
526.8	555.8	char=FORREST tags=neg,self,face arousal=-0.22 val_pos=0.22 val_neg=0.56
526.8	555.8	char=MAN tags=pos,face arousal=-0.33 val_pos=0.89 val_neg=0.44
555.8	586.6	char=FORREST tags=neg,self,context,face arousal=-0.44 val_pos=0.11 val_neg=0.67
555.8	586.6	char=MRSGUMP tags=pos,neg,self,other,sadness,face arousal=-0.44 val_pos=0.56 val_neg=1.00
586.6	595.0	char=FORRESTVO tags=la,pos,self,verbal arousal=-0.67 val_pos=0.89 val_neg=0.11
595.0	612.2	char=MRSGUMP tags=other arousal=-0.33 val_pos=0.44 val_neg=0.44
595.0	612.2	char=FORRESTVO tags=pos,self,verbal arousal=-0.44 val_pos=0.67 val_neg=0.00
612.2	636.4	char=ELVISPRESLEY tags=la,pos arousal=-0.56 val_pos=0.56 val_neg=0.00
612.2	636.4	char=FORREST tags=pos,self arousal=-0.11 val_pos=0.56 val_neg=0.00
612.2	630.5	char=MRSGUMP tags=other,face arousal=-0.33 val_pos=0.33 val_neg=0.44
630.5	632.6	char=MRSGUMP tags=face arousal=-0.11 val_pos=0.22 val_neg=0.33
632.6	636.4	char=MRSGUMP tags=la,neg,other,face,verbal arousal=-0.72 val_pos=0.11 val_neg=1.00
636.4	657.0	char=ELVISPRESLEY tags=la,pos,other,verbal arousal=-0.78 val_pos=1.00 val_neg=0.00
636.4	669.7	char=FORREST tags=pos,self,happiness arousal=0.00 val_pos=0.67 val_neg=0.00
636.4	657.0	char=MRSGUMP tags=la,pos,neg,other,face,verbal arousal=-0.67 val_pos=0.56 val_neg=1.00
636.4	659.5	char=FORRESTVO tags=pos,self,verbal arousal=-0.33 val_pos=0.78 val_neg=0.00
657.0	669.7	char=ELVISPRESLEY tags=pos arousal=-0.44 val_pos=0.67 val_neg=0.00
659.5	669.7	char=FORRESTVO tags=pos,self,happiness,verbal arousal=-0.33 val_pos=0.78 val_neg=0.00
669.7	675.1	char=ELVISPRESLEY tags=pos,self,gesture arousal=0.33 val_pos=0.67 val_neg=0.00
669.7	675.1	char=FORRESTVO tags=pos,verbal arousal=0.11 val_pos=0.56 val_neg=0.00
675.1	702.7	char=ELVISPRESLEY tags=ha,pos,self,gesture arousal=0.56 val_pos=0.56 val_neg=0.00
679.9	681.6	char=MRSGUMP tags=neg,other,face arousal=0.44 val_pos=0.00 val_neg=0.89
681.6	686.3	char=MRSGUMP tags=ha,neg,other,face arousal=0.56 val_pos=0.11 val_neg=0.89
686.3	702.7	char=FORREST tags=la,other,face arousal=-0.78 val_pos=0.44 val_neg=0.33
686.3	692.6	char=MRSGUMP tags=neg,other,contempt,face,verbal arousal=0.33 val_pos=0.11 val_neg=1.00
702.7	712.8	char=FORREST tags=la,pos,self,face,verbal arousal=-0.89 val_pos=0.78 val_neg=0.22
712.8	721.4	char=MRSGUMP tags=pos,other,love,gesture arousal=-0.33 val_pos=1.00 val_neg=0.00
721.4	730.2	char=WOMAN tags=la,neg,face arousal=-0.67 val_pos=0.11 val_neg=0.56
727.5	738.5	char=FORREST tags=la,self arousal=-0.56 val_pos=0.11 val_neg=0.44
730.2	733.0	char=WOMAN tags=la,face arousal=-0.56 val_pos=0.11 val_neg=0.44
738.5	740.8	char=WOMAN tags=la arousal=-0.56 val_pos=0.44 val_neg=0.22
740.8	745.2	char=WOMAN tags=la,pos,other,face arousal=-0.78 val_pos=0.72 val_neg=0.11
755.3	758.0	char=BOY tags=neg,other,contempt,face,verbal arousal=-0.33 val_pos=0.00 val_neg=1.00
758.0	759.4	char=BOY tags=neg,other,contempt,face,gesture,verbal arousal=-0.33 val_pos=0.00 val_neg=1.00
758.0	760.7	char=FORREST tags=neg,self,sadness,context arousal=-0.44 val_pos=0.06 val_neg=0.67
759.4	760.7	char=BOY tags=la,neg,other,contempt,face,gesture,verbal arousal=-0.56 val_pos=0.00 val_neg=1.00
760.7	761.7	char=BOY tags=neg,other,contempt,face,gesture,verbal arousal=-0.44 val_pos=0.00 val_neg=0.89
760.7	771.4	char=FORREST tags=la,neg,self,sadness,context arousal=-0.56 val_pos=0.00 val_neg=0.78
761.7	770.3	char=BOY tags=la,neg,other,contempt,face,gesture,verbal arousal=-0.56 val_pos=0.00 val_neg=1.00
761.7	770.3	char=GIRL tags=la,neg,other,face,gesture arousal=-0.89 val_pos=0.00 val_neg=0.89
771.4	778.6	char=FORREST tags=la,neg,self,sadness,context,face arousal=-0.78 val_pos=0.11 val_neg=1.00
778.6	791.1	char=FORREST tags=pos,neg,self,other,love,context,face,verbal arousal=-0.33 val_pos=1.00 val_neg=0.56
778.6	806.4	char=FORRESTVO tags=pos,other,love,verbal arousal=-0.11 val_pos=0.78 val_neg=0.00
791.1	801.8	char=JENNY tags=la,other,verbal arousal=-0.61 val_pos=0.39 val_neg=0.22
791.1	808.1	char=FORREST tags=pos,other,face arousal=-0.06 val_pos=0.89 val_neg=0.00
808.1	813.5	char=JENNY tags=la,neg,other,face arousal=-0.56 val_pos=0.33 val_neg=0.56
808.1	813.5	char=FORREST tags=pos,face arousal=-0.22 val_pos=0.67 val_neg=0.00
813.5	829.4	char=JENNY tags=la,other,face arousal=-0.56 val_pos=0.11 val_neg=0.44
813.5	829.4	char=FORRESTVO tags=pos,other,verbal arousal=-0.22 val_pos=0.67 val_neg=0.00
829.4	833.6	char=FORRESTVO tags=pos,verbal arousal=-0.33 val_pos=0.56 val_neg=0.00
840.0	847.4	char=JENNY tags=pos,self,happiness,face,gesture arousal=-0.44 val_pos=0.67 val_neg=0.00
840.0	847.4	char=FORREST tags=pos,happiness,face arousal=0.00 val_pos=0.67 val_neg=0.00
840.0	847.4	char=FORRESTVO tags=pos,other,verbal arousal=-0.22 val_pos=0.78 val_neg=0.00
847.4	857.3	char=JENNY tags=pos,happiness,gesture arousal=-0.44 val_pos=0.67 val_neg=0.00
847.4	861.2	char=FORREST tags=pos,happiness arousal=-0.33 val_pos=0.56 val_neg=0.00
847.4	857.3	char=FORRESTVO tags=pos,other,happiness,verbal arousal=-0.22 val_pos=0.89 val_neg=0.00
857.3	861.2	char=JENNY tags=pos,happiness arousal=-0.33 val_pos=0.56 val_neg=0.00
857.3	865.3	char=FORRESTVO tags=pos,happiness,verbal arousal=-0.17 val_pos=0.78 val_neg=0.00
865.3	872.4	char=FORREST tags=la arousal=-0.56 val_pos=0.11 val_neg=0.44
865.3	872.4	char=FORRESTVO tags=la,pos,self,verbal arousal=-0.56 val_pos=0.78 val_neg=0.00
872.4	886.2	char=JENNY tags=la,pos,neg,other,verbal arousal=-0.89 val_pos=0.67 val_neg=0.56
872.4	886.2	char=FORREST tags=la,pos,neg,self,context,face,verbal arousal=-0.78 val_pos=0.56 val_neg=0.67
872.4	886.2	char=FORRESTVO tags=pos,other,love,verbal arousal=-0.22 val_pos=0.89 val_neg=0.11
886.2	891.2	char=FORREST tags=la,neg,self,sadness,face arousal=-0.67 val_pos=0.33 val_neg=0.67
891.2	899.9	char=FORREST tags=la,pos,neg,self,face,verbal arousal=-0.78 val_pos=0.78 val_neg=0.56
899.9	901.9	char=FORREST tags=la arousal=-0.67 val_pos=0.44 val_neg=0.33
901.9	916.5	char=BOY tags=ha,neg,other,contempt,gesture,verbal arousal=0.56 val_pos=0.11 val_neg=0.67
901.9	905.0	char=FORREST tags=neg,other,context arousal=-0.44 val_pos=0.11 val_neg=0.56
905.0	910.6	char=FORREST tags=la,neg,other,context arousal=-0.56 val_pos=0.11 val_neg=0.67
906.1	909.1	char=JENNY tags=neg,other arousal=-0.11 val_pos=0.11 val_neg=0.67
909.1	910.6	char=JENNY tags=la,neg,other,verbal arousal=-0.56 val_pos=0.11 val_neg=0.67
910.6	911.4	char=JENNY tags=neg,other,face,verbal arousal=-0.22 val_pos=0.22 val_neg=0.89
910.6	925.0	char=FORREST tags=neg,other,context arousal=-0.28 val_pos=0.11 val_neg=0.56
911.4	912.8	char=JENNY tags=neg,other,fear,face,verbal arousal=0.22 val_pos=0.22 val_neg=0.89
912.8	928.2	char=JENNY tags=ha,neg,other,fear,face,verbal arousal=0.67 val_pos=0.11 val_neg=1.00
916.5	948.2	char=BOY tags=ha,neg,other,gesture,verbal arousal=0.78 val_pos=0.11 val_neg=0.67
925.0	932.6	char=FORREST tags=neg,other,fear,context,gesture arousal=0.44 val_pos=0.00 val_neg=0.89
928.2	943.4	char=JENNY tags=ha,neg,other,fear arousal=0.67 val_pos=0.11 val_neg=0.67
932.6	953.9	char=FORREST tags=ha,neg,other,fear,context,face,gesture arousal=0.56 val_pos=0.00 val_neg=1.00
943.4	945.7	char=JENNY tags=ha,neg,other,fear,face,verbal arousal=0.89 val_pos=0.22 val_neg=0.78
945.7	948.2	char=JENNY tags=ha,neg,other,fear arousal=0.78 val_pos=0.22 val_neg=0.67
948.2	951.2	char=BOY tags=ha,other,gesture arousal=0.56 val_pos=0.11 val_neg=0.44
953.9	959.7	char=FORREST tags=ha,neg,other,fear,face,gesture arousal=0.67 val_pos=0.11 val_neg=0.89
959.7	961.5	char=FORREST tags=ha,neg,self,other,fear,face,gesture arousal=0.67 val_pos=0.44 val_neg=0.67
961.5	965.0	char=FORREST tags=ha,self,face,gesture arousal=0.67 val_pos=0.44 val_neg=0.44
965.0	968.8	char=FORREST tags=ha,pos,self,face,gesture arousal=0.67 val_pos=0.67 val_neg=0.44
968.8	972.6	char=FORREST tags=ha,pos,self,happiness,face,gesture arousal=0.78 val_pos=1.00 val_neg=0.22
972.6	980.1	char=FORREST tags=ha,pos,self,happiness,face arousal=0.72 val_pos=0.94 val_neg=0.00
980.1	985.0	char=FORREST tags=ha,pos,self,pride,face,verbal arousal=0.56 val_pos=0.78 val_neg=0.00
985.0	991.3	char=FORREST tags=ha,pos,self,pride,context,face,verbal arousal=0.78 val_pos=0.89 val_neg=0.22
991.3	1000.7	char=BOY tags=ha,neg,other,gesture,verbal arousal=0.78 val_pos=0.00 val_neg=1.00
991.3	1000.7	char=FORREST tags=ha,context arousal=0.56 val_pos=0.33 val_neg=0.22
1000.7	1009.0	char=BOY tags=neg,other,gesture,verbal arousal=0.44 val_pos=0.00 val_neg=0.89
1000.7	1009.0	char=FORREST tags=pos,self,context arousal=0.44 val_pos=0.56 val_neg=0.22
1018.8	1026.8	char=MAN tags=la,other,verbal arousal=-0.67 val_pos=0.22 val_neg=0.44
1040.4	1061.3	char=FORREST tags=neg,other,verbal arousal=-0.11 val_pos=0.22 val_neg=0.56
1061.3	1073.0	char=JENNY tags=neg,other,fear,context,face,gesture,verbal arousal=0.00 val_pos=0.00 val_neg=1.00
1061.3	1110.4	char=FORREST tags=neg,other arousal=-0.33 val_pos=0.00 val_neg=0.56
1061.3	1110.4	char=JENNYSDAD tags=ha,neg,other,verbal arousal=1.00 val_pos=0.00 val_neg=1.00
1073.0	1094.8	char=JENNY tags=neg,other,fear,face,gesture,verbal arousal=0.33 val_pos=0.00 val_neg=1.00
1094.8	1110.4	char=JENNY tags=neg,self,other,fear,face,gesture,verbal arousal=0.00 val_pos=0.11 val_neg=0.89
1094.8	1110.4	char=FORRESTVO tags=self,verbal arousal=-0.44 val_pos=0.44 val_neg=0.44
1110.4	1124.0	char=JENNYSGRANDMA tags=la,pos,gesture arousal=-0.56 val_pos=0.56 val_neg=0.00
1110.4	1124.0	char=FORRESTVO tags=la,pos,other,happiness,verbal arousal=-0.67 val_pos=0.89 val_neg=0.00
1124.0	1135.9	char=JENNY tags=pos,other arousal=-0.22 val_pos=0.56 val_neg=0.44
1124.0	1135.9	char=FORRESTVO tags=la,pos,self,verbal arousal=-0.67 val_pos=0.78 val_neg=0.11
1135.9	1144.5	char=JENNY tags=pos,other,love,gesture arousal=-0.22 val_pos=1.00 val_neg=0.22
1135.9	1144.5	char=FORREST tags=pos,other,face arousal=-0.22 val_pos=0.56 val_neg=0.22
1135.9	1144.5	char=FORRESTVO tags=la,pos,verbal arousal=-0.56 val_pos=0.78 val_neg=0.11
1144.5	1149.4	char=JENNY tags=neg,other,face,verbal arousal=0.44 val_pos=0.22 val_neg=0.89
1144.5	1157.5	char=FORREST tags=neg,context arousal=-0.11 val_pos=0.00 val_neg=0.56
1144.5	1149.4	char=OLDERBOYS tags=ha,other arousal=0.56 val_pos=0.11 val_neg=0.44
1149.4	1160.7	char=JENNY tags=ha,neg,other,face,verbal arousal=0.78 val_pos=0.00 val_neg=0.78
1149.4	1160.7	char=OLDERBOYS tags=ha,neg,other arousal=0.67 val_pos=0.11 val_neg=0.56
1157.5	1169.9	char=FORREST tags=ha,neg arousal=0.56 val_pos=0.00 val_neg=0.56
1160.7	1162.1	char=JENNY tags=ha,neg,other,fear,face,verbal arousal=0.89 val_pos=0.00 val_neg=0.89
1160.7	1163.2	char=OLDERBOYS tags=ha,other arousal=0.67 val_pos=0.22 val_neg=0.44
1162.1	1163.2	char=JENNY tags=ha,neg,other,fear,verbal arousal=0.78 val_pos=0.00 val_neg=0.78
1163.2	1167.7	char=OLDERBOYS tags=ha,other,verbal arousal=0.78 val_pos=0.33 val_neg=0.44
1167.7	1169.9	char=OLDERBOYS tags=ha,other arousal=0.78 val_pos=0.44 val_neg=0.33
1169.9	1171.7	char=FORREST tags=ha,neg,other,fear,context,gesture arousal=0.67 val_pos=0.00 val_neg=0.67
1169.9	1173.1	char=OLDERBOYS tags=ha,pos,neg,other,gloating,audio,verbal arousal=0.89 val_pos=0.56 val_neg=0.56
1171.7	1173.1	char=FORREST tags=ha,neg,other,fear,context,face,gesture arousal=0.78 val_pos=0.00 val_neg=1.00
1173.1	1189.6	char=FORREST tags=ha,neg,other,fear,face arousal=0.78 val_pos=0.00 val_neg=1.00
1173.1	1194.1	char=OLDERBOYS tags=ha,pos,other,gloating,audio arousal=0.78 val_pos=0.78 val_neg=0.22
1189.6	1194.1	char=JENNY tags=ha,neg,other,fear,face,verbal arousal=0.67 val_pos=0.00 val_neg=0.89
1189.6	1192.2	char=FORREST tags=neg,other,fear,face arousal=0.44 val_pos=0.00 val_neg=0.67
1192.2	1194.1	char=FORREST tags=pos,neg,self,other,fear,face arousal=0.00 val_pos=0.56 val_neg=0.67
1194.1	1201.9	char=FORREST tags=pos,self,face arousal=-0.44 val_pos=0.78 val_neg=0.11
1201.9	1210.8	char=FORREST tags=neg,self,fear,face arousal=0.22 val_pos=0.44 val_neg=0.56
1201.9	1218.3	char=OLDERBOYS tags=ha,pos,other,gloating,audio arousal=1.00 val_pos=0.56 val_neg=0.44
1210.8	1236.0	char=FORREST tags=neg,fear arousal=0.44 val_pos=0.11 val_neg=0.56
1226.8	1232.9	char=MAN tags=pos,other,admiration,face arousal=-0.17 val_pos=0.89 val_neg=0.22
1232.9	1236.0	char=MAN tags=pos,other,admiration,face,verbal arousal=-0.33 val_pos=0.89 val_neg=0.22
1236.0	1292.6	char=CROWD tags=ha,pos,other,audio,gesture arousal=0.78 val_pos=0.78 val_neg=0.00
1236.0	1241.1	char=FORREST tags=neg,fear,face arousal=0.33 val_pos=0.22 val_neg=0.56
1236.0	1241.1	char=FORRESTVO tags=la,pos,self arousal=-0.56 val_pos=0.56 val_neg=0.00
1236.0	1241.1	char=MAN tags=pos,other,face,verbal arousal=-0.44 val_pos=0.67 val_neg=0.11
1244.9	1250.9	char=MAN tags=ha,pos,other arousal=0.67 val_pos=0.67 val_neg=0.11
1250.9	1253.8	char=MAN tags=ha,pos,other,face,verbal arousal=1.00 val_pos=0.78 val_neg=0.33
1253.8	1258.5	char=MAN tags=ha,pos,other,verbal arousal=0.89 val_pos=0.56 val_neg=0.33
1258.5	1266.0	char=MAN tags=ha arousal=0.56 val_pos=0.22 val_neg=0.33
1266.0	1268.9	char=MAN tags=ha,pos,other,face,verbal arousal=1.00 val_pos=0.67 val_neg=0.33
1268.9	1270.8	char=MAN tags=ha,pos,other,verbal arousal=0.89 val_pos=0.56 val_neg=0.33
1270.8	1277.2	char=MAN tags=ha,other arousal=0.78 val_pos=0.44 val_neg=0.33
1284.4	1292.6	char=MAN tags=ha,pos,other,happiness,face,gesture,verbal arousal=1.00 val_pos=1.00 val_neg=0.22
1314.5	1319.9	char=FORREST tags=neg,other,face arousal=0.11 val_pos=0.22 val_neg=0.78
1319.9	1323.3	char=FORREST tags=neg,other,face,gesture arousal=0.33 val_pos=0.00 val_neg=0.78
1323.3	1329.7	char=FORREST tags=ha,neg,other,face,gesture arousal=0.72 val_pos=0.00 val_neg=1.00
1329.7	1384.9	char=JENNY tags=neg,other,face,gesture,verbal arousal=0.11 val_pos=0.44 val_neg=1.00
1329.7	1384.9	char=FORREST tags=neg,self,other,face,gesture,verbal arousal=0.22 val_pos=0.11 val_neg=1.00
1329.7	1384.9	char=MAN tags=ha,neg,other,face,gesture,verbal arousal=0.89 val_pos=0.11 val_neg=0.89
1384.9	1397.8	char=JENNY tags=neg,other,face,gesture arousal=-0.22 val_pos=0.22 val_neg=0.67
1397.8	1440.2	char=JENNY tags=la,pos,self,verbal arousal=-0.78 val_pos=1.00 val_neg=0.00
1397.8	1440.2	char=FORREST tags=pos,neg,self,other,face,gesture arousal=0.22 val_pos=0.67 val_neg=0.67
1440.2	1447.0	char=JENNY tags=la,pos,self,other,face,verbal arousal=-0.78 val_pos=0.89 val_neg=0.00
1440.2	1447.0	char=FORREST tags=ha,pos,other,face,gesture arousal=0.56 val_pos=0.56 val_neg=0.44
1447.0	1482.6	char=JENNY tags=la,pos,other,face arousal=-0.67 val_pos=0.67 val_neg=0.00
1447.0	1452.7	char=FORREST tags=pos,neg,self,other,face,gesture arousal=0.33 val_pos=0.56 val_neg=0.67
1452.7	1457.9	char=FORREST tags=neg,face arousal=0.22 val_pos=0.33 val_neg=0.56
1457.9	1482.6	char=FORREST tags=ha,pos,neg,self,other,shame,face,gesture arousal=0.78 val_pos=0.67 val_neg=1.00
1482.6	1492.0	char=JENNY tags=la,pos,other,face,verbal arousal=-0.78 val_pos=0.67 val_neg=0.11
1482.6	1492.0	char=FORREST tags=ha,neg,self,shame,face,gesture arousal=0.78 val_pos=0.00 val_neg=1.00
1492.0	1515.6	char=JENNY tags=la,pos,other,face,gesture,verbal arousal=-0.78 val_pos=1.00 val_neg=0.11
1492.0	1515.6	char=FORREST tags=pos,neg,self,shame,audio,face,gesture,verbal arousal=0.22 val_pos=0.89 val_neg=1.00
1515.6	1525.4	char=GIRL tags=neg,other,face arousal=0.33 val_pos=0.00 val_neg=0.78
1515.6	1525.4	char=JENNY tags=la,pos,other,face,gesture arousal=-0.89 val_pos=0.89 val_neg=0.00
1515.6	1545.3	char=CROWD tags=ha,pos,other,audio,gesture,verbal arousal=1.00 val_pos=1.00 val_neg=0.00
1515.6	1525.4	char=FORREST tags=pos,self,face arousal=-0.44 val_pos=0.89 val_neg=0.00
1540.2	1545.3	char=FORRESTVO tags=pos,verbal arousal=0.22 val_pos=0.67 val_neg=0.00
1545.3	1549.7	char=FORRESTVO tags=pos,self,verbal arousal=0.44 val_pos=0.89 val_neg=0.00
1549.7	1556.5	char=MEN tags=pos,face arousal=-0.44 val_pos=0.67 val_neg=0.00
1549.7	1556.5	char=FORRESTVO tags=pos,verbal arousal=-0.11 val_pos=0.67 val_neg=0.00
1556.5	1576.4	char=FORREST tags=la,pos,self arousal=-0.56 val_pos=0.56 val_neg=0.00
1556.5	1576.4	char=FORRESTVO tags=pos,happiness,verbal arousal=-0.22 val_pos=0.67 val_neg=0.00
1576.4	1580.2	char=FORREST tags=la,pos,neg,self,context,gesture arousal=-0.67 val_pos=0.67 val_neg=0.89
1576.4	1580.2	char=FORRESTVO tags=pos,verbal arousal=-0.33 val_pos=0.56 val_neg=0.00
1580.2	1599.3	char=FORREST tags=neg,self,gesture arousal=-0.11 val_pos=0.11 val_neg=0.78
1594.4	1599.3	char=PRESIDENTKENNEDY tags=pos,other,face,verbal arousal=-0.44 val_pos=0.89 val_neg=0.11
1623.4	1634.2	char=FORREST tags=la,neg,self,face,verbal arousal=-0.67 val_pos=0.00 val_neg=0.89
1634.2	1658.6	char=FORREST tags=pos,self,face arousal=-0.22 val_pos=0.56 val_neg=0.00
1634.2	1643.5	char=FORRESTVO tags=pos,self,verbal arousal=-0.44 val_pos=0.67 val_neg=0.00
1643.5	1658.6	char=MRSGUMP tags=ha,pos,other,pride,face,gesture,verbal arousal=0.72 val_pos=1.00 val_neg=0.00
1645.6	1658.6	char=MAN tags=la,pos arousal=-0.56 val_pos=0.56 val_neg=0.00
1661.2	1667.6	char=FORREST tags=la,neg,self,other,face,gesture arousal=-0.78 val_pos=0.11 val_neg=1.00
1661.2	1667.6	char=MAN tags=ha,neg,other,contempt,face,verbal arousal=1.00 val_pos=0.00 val_neg=1.00
1667.6	1681.9	char=FORREST tags=la,neg,self,other,context,face,gesture arousal=-0.89 val_pos=0.00 val_neg=1.00
1667.6	1681.9	char=MAN tags=ha,neg,other,contempt,face,gesture,verbal arousal=0.56 val_pos=0.11 val_neg=1.00
1681.9	1690.2	char=FORREST tags=la,neg,self,gesture arousal=-0.56 val_pos=0.00 val_neg=0.78
1685.9	1735.5	char=BUBBA tags=la,pos,other arousal=-0.67 val_pos=0.67 val_neg=0.00
1690.2	1692.6	char=FORREST tags=neg arousal=-0.33 val_pos=0.11 val_neg=0.56
1744.9	1759.2	char=BUBBA tags=la,pos,self,face,verbal arousal=-0.78 val_pos=0.78 val_neg=0.00
1744.9	1759.2	char=FORREST tags=face,verbal arousal=-0.22 val_pos=0.44 val_neg=0.22
1759.2	1796.5	char=MAN tags=pos,other,verbal arousal=0.44 val_pos=0.78 val_neg=0.33
1796.5	1845.6	char=FORREST tags=face,verbal arousal=-0.22 val_pos=0.33 val_neg=0.33
1796.5	1845.6	char=MAN tags=pos,other,face,verbal arousal=0.44 val_pos=1.00 val_neg=0.33
1871.9	1898.5	char=BUBBA tags=la,neg,self,sadness,face arousal=-0.56 val_pos=0.11 val_neg=0.56
1871.9	1898.5	char=FORREST tags=la,neg,self,sadness,face arousal=-0.78 val_pos=0.11 val_neg=0.78
1871.9	1898.5	char=FORRESTVO tags=la,neg,self,sadness,verbal arousal=-0.89 val_pos=0.11 val_neg=0.89
1871.9	1898.5	char=MAN tags=pos,verbal arousal=0.11 val_pos=0.56 val_neg=0.00
1901.8	1907.4	char=FORREST tags=pos,other,face arousal=0.00 val_pos=0.56 val_neg=0.22
1907.4	1915.9	char=FORREST tags=other,face arousal=-0.11 val_pos=0.44 val_neg=0.11
1915.9	1951.5	char=CROWD tags=pos,happiness,audio arousal=0.33 val_pos=0.78 val_neg=0.00
1966.8	1978.5	char=FORREST tags=pos,other,love,face arousal=-0.11 val_pos=1.00 val_neg=0.00
1978.5	1998.9	char=FORREST tags=pos,other,face arousal=-0.22 val_pos=0.67 val_neg=0.00
1984.6	1998.9	char=JENNY tags=neg,other,face arousal=-0.33 val_pos=0.00 val_neg=0.78
1998.9	2001.6	char=JENNY tags=ha,neg,other,face,gesture arousal=0.56 val_pos=0.00 val_neg=1.00
1998.9	2001.6	char=FORREST tags=pos,other arousal=-0.33 val_pos=0.56 val_neg=0.00
1998.9	2003.0	char=MAN tags=ha,neg,other,face,gesture arousal=0.83 val_pos=0.11 val_neg=0.89
2001.6	2013.8	char=JENNY tags=ha,neg,other,gesture arousal=1.00 val_pos=0.00 val_neg=1.00
2001.6	2003.0	char=FORREST tags=ha,neg,other,context,face arousal=0.56 val_pos=0.33 val_neg=0.89
2003.0	2025.1	char=FORREST tags=ha,neg,other,face arousal=1.00 val_pos=0.11 val_neg=1.00
2003.0	2013.8	char=MAN tags=ha,neg,other,gesture arousal=0.56 val_pos=0.00 val_neg=0.56
2005.5	2017.3	char=CROWD tags=pos arousal=-0.11 val_pos=0.56 val_neg=0.11
2013.8	2045.4	char=JENNY tags=ha,neg,other,face,gesture,verbal arousal=0.78 val_pos=0.00 val_neg=1.00
2029.0	2038.0	char=FORREST tags=neg,other,verbal arousal=0.33 val_pos=0.11 val_neg=1.00
2038.0	2042.0	char=FORREST tags=neg arousal=-0.11 val_pos=0.00 val_neg=0.67
2042.0	2049.6	char=FORREST tags=la,pos,neg,other,love,face,verbal arousal=-0.56 val_pos=0.61 val_neg=0.56
2045.4	2049.6	char=JENNY tags=neg,other,face,gesture,verbal arousal=0.00 val_pos=0.00 val_neg=1.00
2049.6	2073.3	char=JENNY tags=la,neg,self,other,sadness,face,gesture,verbal arousal=-0.56 val_pos=0.00 val_neg=1.00
2049.6	2073.3	char=FORREST tags=la,neg,self,sadness,face,verbal arousal=-0.67 val_pos=0.22 val_neg=0.78
2073.3	2089.7	char=JENNY tags=la,neg,self,sadness,face arousal=-0.78 val_pos=0.00 val_neg=1.00
2073.3	2083.2	char=FORREST tags=neg,other,fear,face,verbal arousal=-0.22 val_pos=0.11 val_neg=1.00
2083.2	2103.4	char=FORREST tags=neg,other,fear,face arousal=0.33 val_pos=0.00 val_neg=0.83
2089.7	2103.4	char=JENNY tags=neg,self,sadness,face,verbal arousal=-0.33 val_pos=0.00 val_neg=1.00
2103.4	2107.4	char=FORREST tags=neg,sadness arousal=-0.33 val_pos=0.00 val_neg=0.67
2107.4	2111.5	char=FORREST tags=la,neg,sadness arousal=-0.56 val_pos=0.00 val_neg=0.56
2111.5	2113.0	char=JENNY tags=neg,other,face arousal=-0.33 val_pos=0.00 val_neg=0.78
2113.0	2115.8	char=JENNY tags=neg,other,fear,face arousal=-0.44 val_pos=0.00 val_neg=0.89
2113.0	2115.8	char=FORREST tags=neg,face arousal=-0.33 val_pos=0.11 val_neg=0.56
2115.8	2135.8	char=JENNY tags=la,neg,other,fear,face,verbal arousal=-0.78 val_pos=0.22 val_neg=0.78
2131.7	2135.8	char=FORREST tags=other,face arousal=-0.33 val_pos=0.44 val_neg=0.22
2135.8	2146.2	char=JENNY tags=la,neg,other,face arousal=-0.72 val_pos=0.11 val_neg=0.72
2135.8	2146.2	char=FORREST tags=pos,other,face arousal=-0.44 val_pos=0.56 val_neg=0.44
2146.2	2150.7	char=FORREST tags=other,face arousal=-0.33 val_pos=0.44 val_neg=0.44
2150.7	2166.6	char=BUBBA tags=la,neg,face arousal=-0.67 val_pos=0.00 val_neg=0.67
2150.7	2166.6	char=FORREST tags=la,neg,other,face,gesture arousal=-0.89 val_pos=0.33 val_neg=0.89
2166.6	2193.2	char=BUBBA tags=neg,face arousal=-0.44 val_pos=0.00 val_neg=0.56
2166.6	2193.2	char=FORREST tags=la,neg,face arousal=-0.56 val_pos=0.11 val_neg=0.67
2193.2	2217.8	char=BUBBA tags=la,pos,verbal arousal=-0.78 val_pos=0.67 val_neg=0.11
2217.8	2256.9	char=BUBBA tags=pos,other,verbal arousal=-0.33 val_pos=0.67 val_neg=0.33
2217.8	2256.9	char=DAN tags=la,pos,neg,other,face,gesture,verbal arousal=-0.67 val_pos=0.89 val_neg=0.89
2217.8	2256.9	char=FORREST tags=face arousal=-0.33 val_pos=0.44 val_neg=0.22
2256.9	2261.6	char=DAN tags=la,pos,other,face arousal=-0.67 val_pos=0.67 val_neg=0.11
2261.6	2266.1	char=DAN tags=la,pos,self,other,face arousal=-0.89 val_pos=0.67 val_neg=0.44
2286.8	2306.6	char=DAN tags=la,neg,self,other,verbal arousal=-0.56 val_pos=0.22 val_neg=1.00
2286.8	2306.6	char=FORRESTVO tags=pos,other,admiration,verbal arousal=-0.44 val_pos=0.67 val_neg=0.00
2306.6	2309.0	char=DAN tags=neg arousal=-0.33 val_pos=0.00 val_neg=0.56
2306.6	2309.0	char=FORRESTVO tags=pos,admiration,verbal arousal=-0.44 val_pos=0.56 val_neg=0.22
2312.1	2359.6	char=DAN tags=neg,other,face,verbal arousal=0.11 val_pos=0.17 val_neg=0.94
2315.4	2359.6	char=FORREST tags=la,neg,self,other,fear,face,verbal arousal=-0.56 val_pos=0.11 val_neg=1.00
2359.6	2368.0	char=FORREST tags=neg arousal=-0.22 val_pos=0.11 val_neg=0.67
2386.8	2396.8	char=FORREST tags=face arousal=0.00 val_pos=0.11 val_neg=0.44
2396.8	2398.8	char=FORREST tags=neg arousal=0.11 val_pos=0.06 val_neg=0.56
2398.8	2421.2	char=FORREST tags=neg,face arousal=-0.11 val_pos=0.06 val_neg=0.61
2398.8	2406.0	char=FORRESTVO tags=la,neg,verbal arousal=-0.56 val_pos=0.00 val_neg=0.56
2406.0	2421.2	char=DAN tags=neg,other,gesture,verbal arousal=0.44 val_pos=0.00 val_neg=0.89
2406.0	2421.2	char=FORRESTVO tags=neg,verbal arousal=-0.44 val_pos=0.00 val_neg=0.67
2421.2	2431.2	char=FORREST tags=face arousal=-0.33 val_pos=0.11 val_neg=0.44
2431.2	2434.4	char=FORREST tags=neg,self,face arousal=-0.44 val_pos=0.11 val_neg=0.56
2434.4	2441.4	char=MAN tags=neg,fear,face arousal=0.00 val_pos=0.00 val_neg=0.67
2443.0	2446.0	char=MAN tags=neg,other,fear,face,verbal arousal=0.33 val_pos=0.00 val_neg=1.00
2446.0	2447.5	char=MAN tags=neg,self,fear,face,verbal arousal=0.33 val_pos=0.00 val_neg=0.89
2447.5	2449.1	char=MAN tags=neg,self,fear,face,gesture,verbal arousal=0.33 val_pos=0.00 val_neg=0.89
2449.1	2451.3	char=MAN tags=neg,self,fear,face,gesture arousal=0.44 val_pos=0.00 val_neg=0.89
2451.3	2461.1	char=DAN tags=la,neg,verbal arousal=-0.56 val_pos=0.11 val_neg=0.56
2488.7	2499.3	char=FORREST tags=la,neg,self,face,gesture arousal=-0.89 val_pos=0.00 val_neg=0.89
2499.3	2505.2	char=FORREST tags=la,neg,self,context,face,gesture arousal=-0.89 val_pos=0.00 val_neg=0.89
2505.2	2509.0	char=FORREST tags=la,neg,self,context,face arousal=-0.67 val_pos=0.00 val_neg=0.67
2509.0	2516.8	char=FORREST tags=la,neg,self,face arousal=-0.72 val_pos=0.00 val_neg=0.89
2516.8	2583.1	char=BUBBA tags=pos,self,other,happiness,love,face,gesture,verbal arousal=-0.22 val_pos=1.00 val_neg=0.11
2516.8	2583.1	char=FORREST tags=la,pos,neg,self,other,context,face,gesture,verbal arousal=-0.56 val_pos=0.89 val_neg=0.67
2516.8	2583.1	char=FORRESTVO tags=pos,other,verbal arousal=-0.33 val_pos=0.67 val_neg=0.33
2583.1	2600.9	char=FORREST tags=pos arousal=-0.22 val_pos=0.67 val_neg=0.00
2583.1	2611.6	char=FORRESTVO tags=pos,verbal arousal=-0.33 val_pos=0.67 val_neg=0.00
2600.9	2611.6	char=JENNY tags=ha,pos,other,happiness,face arousal=0.56 val_pos=1.00 val_neg=0.00
2600.9	2611.6	char=FORREST tags=pos,other arousal=-0.22 val_pos=0.67 val_neg=0.00
2611.6	2618.8	char=FORREST tags=la,pos,other,love arousal=-0.56 val_pos=0.78 val_neg=0.00
2618.8	2693.7	char=DAN tags=ha,neg,other,verbal arousal=1.00 val_pos=0.00 val_neg=1.00
2618.8	2660.4	char=FORREST tags=pos,neg,self,other,fear,context,face,gesture arousal=-0.11 val_pos=0.78 val_neg=0.78
2660.4	2666.2	char=BUBBA tags=ha,neg,other,fear,face,verbal arousal=1.00 val_pos=0.00 val_neg=1.00
2660.4	2670.7	char=FORREST tags=neg,fear,context arousal=0.44 val_pos=0.00 val_neg=0.67
2667.9	2678.8	char=BUBBA tags=ha,neg,fear arousal=0.56 val_pos=0.00 val_neg=0.56
2670.7	2703.4	char=FORREST tags=ha,neg,self,fear,context arousal=0.56 val_pos=0.00 val_neg=0.78
2681.1	2684.9	char=BUBBA tags=ha,neg,fear arousal=0.56 val_pos=0.00 val_neg=0.56
2681.1	2692.7	char=MAN tags=ha,neg,fear,verbal arousal=0.67 val_pos=0.00 val_neg=0.67
2692.7	2693.7	char=MAN tags=ha,neg,fear arousal=0.56 val_pos=0.00 val_neg=0.56
2693.7	2706.3	char=DAN tags=ha,neg,other,fear,gesture,verbal arousal=1.00 val_pos=0.00 val_neg=1.00
2699.7	2701.4	char=BUBBA tags=ha,neg,fear arousal=0.56 val_pos=0.00 val_neg=0.56
2701.4	2702.5	char=BUBBA tags=ha,neg,other,fear,verbal arousal=0.89 val_pos=0.00 val_neg=0.89
2702.5	2709.2	char=BUBBA tags=ha,neg,other,fear,face,verbal arousal=1.00 val_pos=0.11 val_neg=0.89
2703.4	2709.2	char=FORREST tags=ha,neg,fear arousal=0.56 val_pos=0.00 val_neg=0.78
2706.3	2710.8	char=DAN tags=ha,neg,other,verbal arousal=1.00 val_pos=0.00 val_neg=1.00
2709.2	2710.8	char=BUBBA tags=ha,neg,other,fear arousal=0.56 val_pos=0.00 val_neg=0.56
2709.2	2715.4	char=FORREST tags=neg,fear,face arousal=0.33 val_pos=0.00 val_neg=0.78
2710.8	2723.1	char=DAN tags=ha,neg,other,gesture,verbal arousal=1.00 val_pos=0.00 val_neg=1.00
2715.4	2735.1	char=FORREST tags=ha,neg,self,fear,context,face,gesture arousal=0.67 val_pos=0.00 val_neg=0.89
2727.0	2735.1	char=BUBBA tags=ha,neg,fear arousal=0.78 val_pos=0.00 val_neg=0.78
2735.1	2744.1	char=FORREST tags=ha,neg,fear,context,gesture arousal=0.67 val_pos=0.00 val_neg=0.89
2744.1	2761.8	char=FORREST tags=ha,neg,other,fear,context,face,gesture,verbal arousal=0.89 val_pos=0.11 val_neg=1.00
2761.8	2780.6	char=FORREST tags=ha,neg,other,fear,context,face,gesture arousal=0.89 val_pos=0.00 val_neg=1.00
2780.6	2782.4	char=FORREST tags=ha,neg,other,fear,context,gesture arousal=0.56 val_pos=0.00 val_neg=1.00
2780.6	2808.6	char=MAN tags=ha,neg,self,fear,face arousal=0.67 val_pos=0.00 val_neg=0.89
2782.4	2797.7	char=FORREST tags=neg,other,context,gesture arousal=0.33 val_pos=0.00 val_neg=0.78
2797.7	2821.2	char=FORREST tags=ha,neg,other,fear,context,face,gesture arousal=0.67 val_pos=0.00 val_neg=0.78
2818.3	2823.4	char=MAN tags=neg,self,fear,verbal arousal=0.39 val_pos=0.00 val_neg=0.67
2821.2	2823.4	char=FORREST tags=ha,neg,other,fear,context,gesture arousal=0.56 val_pos=0.00 val_neg=0.78
2823.4	2856.3	char=FORREST tags=ha,neg,other,fear,context,face,gesture arousal=0.78 val_pos=0.00 val_neg=0.89
2831.0	2876.3	char=DAN tags=ha,neg,other,face,gesture,verbal arousal=1.00 val_pos=0.00 val_neg=1.00
2856.3	2865.5	char=FORREST tags=ha,neg,other,context,face,gesture arousal=0.56 val_pos=0.11 val_neg=0.67
2865.5	2901.2	char=FORREST tags=ha,neg,other,context,face arousal=0.56 val_pos=0.11 val_neg=0.67
2876.3	2881.3	char=DAN tags=ha,neg,other,gesture,verbal arousal=1.00 val_pos=0.00 val_neg=1.00
2881.3	2914.4	char=DAN tags=ha,neg,other,face,gesture,verbal arousal=1.00 val_pos=0.00 val_neg=1.00
2901.2	2908.3	char=FORREST tags=ha,neg,other,fear,context,face arousal=0.67 val_pos=0.11 val_neg=0.78
2908.3	2930.0	char=FORREST tags=ha,neg,other,fear,face arousal=0.89 val_pos=0.00 val_neg=0.89
2930.0	2938.2	char=BUBBA tags=neg arousal=0.11 val_pos=0.00 val_neg=0.56
2930.0	2940.1	char=FORREST tags=ha,neg,other,fear,context,face arousal=0.83 val_pos=0.11 val_neg=0.94
2938.2	2965.1	char=BUBBA tags=neg,self,fear arousal=0.00 val_pos=0.00 val_neg=0.89
2940.1	2965.1	char=FORREST tags=ha,neg,other,fear,sadness,context,face,verbal arousal=0.89 val_pos=0.11 val_neg=1.00
2965.1	2970.6	char=BUBBA tags=neg,self arousal=0.11 val_pos=0.00 val_neg=0.78
2965.1	3013.2	char=FORREST tags=ha,neg,other,fear,context,face arousal=1.00 val_pos=0.06 val_neg=0.94
2970.6	3001.9	char=BUBBA tags=neg,self,fear arousal=0.28 val_pos=0.00 val_neg=0.78
3001.9	3013.2	char=BUBBA tags=neg arousal=0.11 val_pos=0.00 val_neg=0.56
3013.2	3027.9	char=BUBBA tags=neg,self,verbal arousal=0.11 val_pos=0.11 val_neg=0.78
3013.2	3027.9	char=FORREST tags=neg,other,fear,face arousal=0.44 val_pos=0.44 val_neg=0.67
3013.2	3027.9	char=FORRESTVO tags=neg,verbal arousal=-0.22 val_pos=0.00 val_neg=0.67
3027.9	3059.9	char=BUBBA tags=neg,self,sadness,verbal arousal=0.28 val_pos=0.00 val_neg=0.94
3027.9	3041.5	char=FORREST tags=neg,other,face arousal=0.22 val_pos=0.33 val_neg=0.56
3041.5	3059.9	char=FORREST tags=neg,other,sadness,face arousal=0.22 val_pos=0.11 val_neg=1.00
3041.5	3059.9	char=FORRESTVO tags=neg,sadness,verbal arousal=-0.11 val_pos=0.00 val_neg=0.56
3059.9	3073.8	char=FORREST tags=neg,self,sadness,face arousal=-0.33 val_pos=0.22 val_neg=0.78
3059.9	3073.8	char=MAN tags=la,other,face arousal=-0.56 val_pos=0.22 val_neg=0.33
3094.0	3125.7	char=DAN tags=la,neg,self,other,context,face,gesture arousal=-1.00 val_pos=0.00 val_neg=1.00
3094.0	3125.7	char=FORREST tags=la,pos,neg,self,other,context,face,verbal arousal=-0.78 val_pos=0.78 val_neg=0.67
3094.0	3125.7	char=FORRESTVO tags=la,pos,verbal arousal=-0.56 val_pos=0.78 val_neg=0.00
3125.7	3140.8	char=DAN tags=la,neg,self,face,gesture arousal=-0.78 val_pos=0.00 val_neg=1.00
3125.7	3140.8	char=FORREST tags=la,neg,other,face arousal=-0.67 val_pos=0.11 val_neg=0.56
3140.8	3156.0	char=DAN tags=la,neg,self,face arousal=-0.67 val_pos=0.00 val_neg=0.67
3140.8	3156.0	char=FORREST tags=la,pos,other,face arousal=-0.67 val_pos=0.67 val_neg=0.33
3156.0	3164.7	char=FORREST tags=neg,other,sadness,context arousal=-0.44 val_pos=0.44 val_neg=0.67
3164.7	3171.3	char=FORREST tags=la,neg,self,other,sadness,context,face arousal=-0.67 val_pos=0.33 val_neg=1.00
3171.3	3231.6	char=FORRESTVO tags=la,pos arousal=-0.56 val_pos=0.56 val_neg=0.00
3171.3	3225.6	char=MAN tags=la,neg,other,verbal arousal=-0.67 val_pos=0.44 val_neg=1.00
3235.0	3251.9	char=DAN tags=la,neg,self,face arousal=-0.67 val_pos=0.00 val_neg=0.67
3235.0	3251.9	char=FORRESTVO tags=la,pos arousal=-0.56 val_pos=0.56 val_neg=0.00
3251.9	3267.8	char=MAN tags=la,pos,other,face arousal=-0.67 val_pos=0.67 val_neg=0.00
3267.8	3276.6	char=FORREST tags=pos,neg,self,other,happiness,face,gesture,verbal arousal=0.33 val_pos=1.00 val_neg=0.89
3276.6	3294.1	char=FORREST tags=neg,other,face arousal=-0.44 val_pos=0.00 val_neg=0.89
3294.1	3302.5	char=MAN tags=pos,verbal arousal=0.00 val_pos=0.56 val_neg=0.11
3305.8	3309.5	char=FORREST tags=pos arousal=-0.33 val_pos=0.56 val_neg=0.00
3305.8	3309.5	char=PRESIDENTJOHNSON tags=la,pos,other,gesture,verbal arousal=-0.78 val_pos=0.78 val_neg=0.00
3307.8	3314.9	char=MRSGUMP tags=pos,other,pride,face arousal=-0.06 val_pos=0.94 val_neg=0.00
3316.8	3323.6	char=FORREST tags=la,neg,other,face arousal=-0.56 val_pos=0.33 val_neg=0.56
3323.6	3328.8	char=PRESIDENTJOHNSON tags=pos,other,face arousal=-0.39 val_pos=0.72 val_neg=0.00
3328.8	3330.7	char=MRSGUMP tags=ha,neg,other,face arousal=0.72 val_pos=0.00 val_neg=0.94
3329.7	3334.7	char=PRESIDENTJOHNSON tags=pos,other,happiness,face arousal=0.00 val_pos=0.78 val_neg=0.00
3334.7	3358.6	char=WOMAN tags=neg,verbal arousal=0.22 val_pos=0.28 val_neg=0.67
3358.6	3369.4	char=WOMAN tags=verbal arousal=0.33 val_pos=0.33 val_neg=0.28
3369.4	3410.6	char=ABBIEHOFFMAN tags=ha,other,gesture,verbal arousal=0.67 val_pos=0.22 val_neg=0.44
3369.4	3397.8	char=MAN tags=la,pos,other,gesture,verbal arousal=-0.56 val_pos=0.78 val_neg=0.00
3403.4	3410.6	char=CROWD tags=ha,pos,gesture arousal=0.78 val_pos=0.78 val_neg=0.00
3410.6	3438.5	char=CROWD tags=ha,pos,gesture,verbal arousal=0.78 val_pos=0.78 val_neg=0.00
3418.1	3438.5	char=FORREST tags=neg,face arousal=-0.22 val_pos=0.11 val_neg=0.67
3438.5	3443.2	char=CROWD tags=pos,verbal arousal=0.33 val_pos=0.56 val_neg=0.00
3438.5	3478.0	char=FORREST tags=neg arousal=-0.11 val_pos=0.00 val_neg=0.56
3438.5	3445.5	char=ABBIEHOFFMAN tags=ha arousal=0.56 val_pos=0.44 val_neg=0.11
3443.2	3458.7	char=CROWD tags=ha,pos,gesture,verbal arousal=0.89 val_pos=0.89 val_neg=0.00
3458.7	3478.0	char=CROWD tags=ha,pos,other,gesture,verbal arousal=0.78 val_pos=0.78 val_neg=0.11
3478.0	3490.4	char=MAN tags=neg,other,face arousal=-0.22 val_pos=0.00 val_neg=0.67
3490.4	3504.3	char=WOMAN tags=ha,neg,other,gesture arousal=0.78 val_pos=0.00 val_neg=0.78
3490.4	3500.8	char=MAN tags=neg,face arousal=-0.11 val_pos=0.00 val_neg=0.56
3500.8	3516.0	char=CROWD tags=neg,other,verbal arousal=0.11 val_pos=0.11 val_neg=0.67
3504.3	3507.5	char=WOMAN tags=ha,neg,gesture arousal=0.56 val_pos=0.00 val_neg=0.56
3535.9	3556.2	char=JENNY tags=ha,pos,other,happiness,gesture,verbal arousal=0.89 val_pos=0.89 val_neg=0.00
3543.1	3544.3	char=FORREST tags=ha,pos,other arousal=0.56 val_pos=0.67 val_neg=0.11
3544.3	3546.2	char=FORREST tags=ha,pos,other,happiness arousal=0.89 val_pos=0.89 val_neg=0.00
3546.2	3567.6	char=FORREST tags=ha,pos,other,happiness,gesture,verbal arousal=1.00 val_pos=1.00 val_neg=0.00
3556.2	3567.6	char=JENNY tags=ha,pos,other,happiness,face,gesture,verbal arousal=0.78 val_pos=1.00 val_neg=0.00
3564.0	3567.6	char=CROWD tags=ha,pos arousal=0.56 val_pos=0.56 val_neg=0.00
3567.6	3578.5	char=JENNY tags=pos,other,happiness,context,face,gesture,verbal arousal=0.44 val_pos=1.00 val_neg=0.00
3567.6	3578.5	char=CROWD tags=ha,pos,other,audio,gesture arousal=0.89 val_pos=0.89 val_neg=0.00
3567.6	3578.5	char=FORREST tags=pos,other,happiness,gesture,verbal arousal=0.44 val_pos=0.89 val_neg=0.00
3567.6	3578.5	char=FORRESTVO tags=pos,self,happiness,verbal arousal=-0.44 val_pos=0.67 val_neg=0.00
3578.5	3587.2	char=JENNY tags=pos,happiness arousal=-0.44 val_pos=0.67 val_neg=0.00
3578.5	3587.2	char=FORREST tags=pos,other,happiness,gesture arousal=-0.22 val_pos=0.67 val_neg=0.00
3578.5	3587.2	char=FORRESTVO tags=la,pos,self,happiness,verbal arousal=-0.56 val_pos=0.78 val_neg=0.00
3587.2	3593.6	char=MAN tags=ha,neg,other,gesture,verbal arousal=0.78 val_pos=0.00 val_neg=0.78
3593.6	3639.5	char=JENNY tags=pos,neg,other,face,gesture,verbal arousal=0.33 val_pos=0.56 val_neg=1.00
3593.6	3646.0	char=FORREST tags=neg,other,face arousal=0.22 val_pos=0.11 val_neg=0.89
3593.6	3639.5	char=MAN tags=neg,other,contempt,face,gesture,verbal arousal=0.22 val_pos=0.00 val_neg=1.00
3639.5	3653.9	char=JENNY tags=ha,neg,other,gesture arousal=0.78 val_pos=0.00 val_neg=0.78
3639.5	3652.7	char=MAN tags=ha,neg,other,face,gesture,verbal arousal=0.89 val_pos=0.00 val_neg=1.00
3646.0	3692.9	char=FORREST tags=ha,neg,other,face,gesture arousal=1.00 val_pos=0.11 val_neg=1.00
3652.7	3653.9	char=MAN tags=ha,neg,other,gesture,verbal arousal=0.56 val_pos=0.00 val_neg=0.78
3653.9	3655.7	char=JENNY tags=ha,neg,other,face,gesture,verbal arousal=0.89 val_pos=0.00 val_neg=0.89
3653.9	3655.7	char=MAN tags=ha,neg,other,gesture arousal=0.56 val_pos=0.00 val_neg=0.78
3655.7	3656.2	char=JENNY tags=ha,neg,other,face,verbal arousal=0.89 val_pos=0.00 val_neg=0.89
3655.7	3662.7	char=MAN tags=neg,other,gesture arousal=0.44 val_pos=0.00 val_neg=0.67
3656.2	3662.7	char=JENNY tags=ha,neg,other,fear,face,gesture,verbal arousal=1.00 val_pos=0.00 val_neg=1.00
3662.7	3680.4	char=JENNY tags=ha,neg,other,fear,context,face,gesture,verbal arousal=0.56 val_pos=0.00 val_neg=1.00
3662.7	3680.4	char=MAN tags=neg,other,face,gesture,verbal arousal=0.44 val_pos=0.00 val_neg=1.00
3680.4	3683.0	char=JENNY tags=neg,face arousal=-0.33 val_pos=0.00 val_neg=0.56
3683.0	3694.5	char=JENNY tags=la,neg,face arousal=-0.78 val_pos=0.00 val_neg=0.78
3694.5	3700.7	char=JENNY tags=la,neg arousal=-0.56 val_pos=0.00 val_neg=0.56
3694.5	3700.7	char=FORREST tags=neg arousal=-0.11 val_pos=0.11 val_neg=0.56
3700.7	3752.2	char=JENNY tags=la,pos,neg,self,other,happiness,face,gesture,verbal arousal=-1.00 val_pos=1.00 val_neg=0.78
3700.7	3752.2	char=FORREST tags=la,pos,neg,self,other,happiness,pride,face,gesture,verbal arousal=-0.56 val_pos=1.00 val_neg=0.56
3754.4	3756.8	char=JENNY tags=la,pos,self arousal=-0.56 val_pos=0.78 val_neg=0.11
3756.8	3764.0	char=JENNY tags=la,pos,self,face arousal=-0.67 val_pos=1.00 val_neg=0.00
3764.0	3775.0	char=JENNY tags=pos,face arousal=-0.39 val_pos=0.61 val_neg=0.00
3772.8	3775.0	char=MAN tags=pos,happiness,face,verbal arousal=0.00 val_pos=0.67 val_neg=0.00
3775.0	3776.4	char=JENNY tags=la,pos,face arousal=-0.56 val_pos=0.78 val_neg=0.00
3775.0	3777.8	char=MAN tags=pos,self,happiness,face,verbal arousal=0.11 val_pos=1.00 val_neg=0.00
3776.4	3777.8	char=JENNY tags=la,pos arousal=-0.56 val_pos=0.78 val_neg=0.00
3777.8	3785.5	char=JENNY tags=pos arousal=-0.33 val_pos=0.56 val_neg=0.00
3777.8	3785.5	char=FORREST tags=la,other arousal=-0.67 val_pos=0.44 val_neg=0.33
3777.8	3785.5	char=FORRESTVO tags=la,pos,verbal arousal=-0.56 val_pos=0.78 val_neg=0.00
3777.8	3785.5	char=MAN tags=pos,verbal arousal=-0.11 val_pos=0.56 val_neg=0.00
3785.5	3806.1	char=JENNY tags=la,neg,face,gesture arousal=-0.67 val_pos=0.11 val_neg=0.67
3785.5	3806.1	char=FORREST tags=la,neg,other,sadness,verbal arousal=-0.78 val_pos=0.44 val_neg=0.78
3785.5	3806.1	char=MAN tags=la,neg,self,remorse,gesture,verbal arousal=-0.89 val_pos=0.00 val_neg=1.00
3806.1	3818.0	char=JENNY tags=neg,other,face,gesture arousal=-0.44 val_pos=0.00 val_neg=0.67
3806.1	3818.0	char=FORREST tags=neg,other,face arousal=0.44 val_pos=0.11 val_neg=1.00
3806.1	3818.0	char=MAN tags=la,neg,verbal arousal=-0.67 val_pos=0.00 val_neg=0.67
3818.0	3832.5	char=JENNY tags=la,neg,self,other,sadness,face,gesture arousal=-0.78 val_pos=0.22 val_neg=1.00
3818.0	3832.5	char=FORREST tags=ha,neg,other,face arousal=0.67 val_pos=0.11 val_neg=1.00
3818.0	3832.5	char=MAN tags=la,neg,other,verbal arousal=-0.67 val_pos=0.00 val_neg=0.67
3832.5	3844.9	char=JENNY tags=la,neg,other,face arousal=-1.00 val_pos=0.33 val_neg=0.67
3832.5	3850.5	char=FORREST tags=la,neg,other,face,gesture arousal=-0.72 val_pos=0.44 val_neg=0.72
3844.9	3850.5	char=JENNY tags=la,pos,neg,other,face arousal=-1.00 val_pos=0.78 val_neg=0.67
3850.5	3880.1	char=JENNY tags=la,pos,other,face arousal=-1.00 val_pos=1.00 val_neg=0.17
3850.5	3857.1	char=FORREST tags=la,pos,neg,other,face,gesture,verbal arousal=-0.67 val_pos=0.67 val_neg=0.56
3857.1	3860.1	char=FORREST tags=la,pos,other,face,gesture,verbal arousal=-0.67 val_pos=0.67 val_neg=0.44
3860.1	3863.6	char=FORREST tags=pos,other,love,face,verbal arousal=-0.44 val_pos=0.78 val_neg=0.33
3863.6	3868.5	char=FORREST tags=pos,other,face,verbal arousal=-0.33 val_pos=0.67 val_neg=0.22
3868.5	3880.1	char=FORREST tags=la,pos,other,face,verbal arousal=-0.67 val_pos=0.78 val_neg=0.22
3880.1	3886.1	char=JENNY tags=la,pos,face arousal=-0.61 val_pos=0.61 val_neg=0.22
3880.1	3881.5	char=FORREST tags=la,pos,neg,other,sadness,face arousal=-0.89 val_pos=0.56 val_neg=0.56
3881.5	3882.9	char=FORREST tags=la,neg,other,face arousal=-0.89 val_pos=0.44 val_neg=0.56
3882.9	3884.2	char=FORREST tags=la,pos,other,face arousal=-0.67 val_pos=0.67 val_neg=0.44
3884.2	3886.1	char=FORREST tags=la,pos,neg,other,face arousal=-0.67 val_pos=0.67 val_neg=0.78
3886.1	3894.0	char=JENNY tags=la,face arousal=-0.67 val_pos=0.33 val_neg=0.44
3886.1	3888.6	char=FORREST tags=la,neg,other,hate,face arousal=-0.61 val_pos=0.17 val_neg=1.00
3888.6	3894.0	char=FORREST tags=la,neg,other,hate,sadness,face,gesture arousal=-0.56 val_pos=0.11 val_neg=1.00
3888.6	3894.0	char=MAN tags=neg,other arousal=-0.11 val_pos=0.00 val_neg=0.56
3894.0	3900.3	char=JENNY tags=la,neg,face arousal=-0.67 val_pos=0.22 val_neg=0.56
3894.0	3897.9	char=FORREST tags=la,neg,sadness,face,gesture arousal=-0.56 val_pos=0.11 val_neg=0.78
3897.9	3911.9	char=FORREST tags=la,neg,other,sadness,face,gesture arousal=-0.78 val_pos=0.33 val_neg=0.78
3900.3	3905.2	char=JENNY tags=la,neg,other,sadness,face arousal=-0.67 val_pos=0.44 val_neg=0.67
3905.2	3911.9	char=FORRESTVO tags=neg,verbal arousal=-0.33 val_pos=0.00 val_neg=0.56
3911.9	3938.5	char=FORREST tags=pos,self,face,gesture,verbal arousal=-0.22 val_pos=0.67 val_neg=0.44
3911.9	3938.5	char=FORRESTVO tags=la,pos,self,verbal arousal=-0.56 val_pos=0.56 val_neg=0.11
3938.5	3941.5	char=FORREST tags=la,pos,self,face,verbal arousal=-0.78 val_pos=1.00 val_neg=0.00
3941.5	3958.1	char=FORRESTVO tags=la,pos,self,verbal arousal=-0.78 val_pos=0.78 val_neg=0.00
3952.6	3963.0	char=FORREST tags=la,pos,self,verbal arousal=-0.78 val_pos=0.78 val_neg=0.00
3960.0	3963.0	char=MAN tags=la,pos,other,face arousal=-0.56 val_pos=0.56 val_neg=0.00
3963.0	3986.4	char=DICKCAVETT tags=la,pos,other arousal=-0.67 val_pos=0.67 val_neg=0.00
3974.7	3986.4	char=FORREST tags=ha,neg,self,gesture arousal=0.56 val_pos=0.00 val_neg=0.78
3974.7	3992.6	char=JOHNLENNON tags=la,pos,face arousal=-0.67 val_pos=0.67 val_neg=0.00
3986.4	4020.7	char=FORREST tags=ha,neg,self,face,gesture arousal=0.67 val_pos=0.00 val_neg=0.89
3992.6	4004.5	char=JOHNLENNON tags=la,pos arousal=-0.56 val_pos=0.56 val_neg=0.00
4004.5	4020.7	char=JOHNLENNON tags=la,neg,other arousal=-0.67 val_pos=0.44 val_neg=0.56
4004.5	4020.7	char=FORRESTVO tags=la,other arousal=-0.67 val_pos=0.22 val_neg=0.44
4020.7	4031.2	char=DAN tags=ha,neg,other,contempt,verbal arousal=0.56 val_pos=0.00 val_neg=1.00
4031.2	4033.8	char=DAN tags=ha,neg,other,verbal arousal=0.67 val_pos=0.00 val_neg=0.89
4031.2	4038.8	char=FORREST tags=pos,other,happiness,face,verbal arousal=0.44 val_pos=1.00 val_neg=0.11
4033.8	4043.5	char=DAN tags=ha,neg,other,contempt,verbal arousal=1.00 val_pos=0.00 val_neg=1.00
4038.8	4063.4	char=FORREST tags=neg,face arousal=-0.33 val_pos=0.00 val_neg=0.56
4043.5	4057.0	char=DAN tags=ha,neg,other,verbal arousal=1.00 val_pos=0.00 val_neg=1.00
4057.0	4069.2	char=DAN tags=ha,neg,other,face,verbal arousal=1.00 val_pos=0.00 val_neg=1.00
4069.2	4076.1	char=DAN tags=ha,neg,self,fear,face arousal=1.00 val_pos=0.00 val_neg=1.00
4076.1	4078.5	char=DAN tags=ha,neg arousal=0.56 val_pos=0.00 val_neg=0.56
4076.1	4078.5	char=FORREST tags=ha,neg,other,fear,face,verbal arousal=0.67 val_pos=0.11 val_neg=0.89
4089.2	4112.1	char=DAN tags=neg,self,other,audio,gesture,verbal arousal=0.33 val_pos=0.00 val_neg=1.00
4089.2	4112.1	char=MAN tags=neg,other arousal=0.22 val_pos=0.00 val_neg=0.56
4124.1	4138.6	char=DAN tags=la,neg,self,face arousal=-0.61 val_pos=0.00 val_neg=0.61
4138.6	4160.0	char=DAN tags=neg,self,other,audio,face,gesture,verbal arousal=0.11 val_pos=0.44 val_neg=1.00
4160.0	4163.4	char=DAN tags=ha,neg,self,face,gesture,verbal arousal=1.00 val_pos=0.00 val_neg=1.00
4160.0	4163.4	char=FORREST tags=la,neg,other,face arousal=-0.56 val_pos=0.00 val_neg=0.56
4163.4	4190.1	char=DAN tags=ha,neg,self,other,face,gesture,verbal arousal=1.00 val_pos=0.00 val_neg=1.00
4190.1	4195.3	char=DAN tags=ha,neg,other,face,verbal arousal=0.78 val_pos=0.00 val_neg=0.78
4190.1	4213.3	char=FORREST tags=la,neg,face arousal=-0.56 val_pos=0.00 val_neg=0.56
4195.3	4213.3	char=DAN tags=neg,face,verbal arousal=0.22 val_pos=0.11 val_neg=0.78
4213.3	4310.2	char=DAN tags=pos,neg,self,other,audio,face,verbal arousal=0.00 val_pos=0.89 val_neg=1.00
4213.3	4310.2	char=FORREST tags=la,pos,neg,self,sadness,face,verbal arousal=-0.78 val_pos=0.56 val_neg=0.78
4213.3	4310.2	char=WOMAN tags=pos,face,verbal arousal=-0.44 val_pos=0.67 val_neg=0.22
4213.3	4310.2	char=FORRESTVO tags=la,neg,verbal arousal=-0.67 val_pos=0.22 val_neg=0.56
4310.2	4343.0	char=JENNY tags=neg,self,other,face,gesture arousal=0.22 val_pos=0.00 val_neg=1.00
4310.2	4343.0	char=CROWD tags=ha,pos,happiness arousal=0.56 val_pos=0.56 val_neg=0.00
4343.0	4374.3	char=CROWD tags=ha,pos,self,happiness,audio,verbal arousal=1.00 val_pos=1.00 val_neg=0.00
4343.0	4374.3	char=DAN tags=la,neg,self,sadness,face arousal=-0.78 val_pos=0.00 val_neg=1.00
4343.0	4374.3	char=FORREST tags=la,pos,neg,other,context,face arousal=-1.00 val_pos=0.89 val_neg=0.56
4378.9	4391.2	char=FORREST tags=la,neg,self,face,verbal arousal=-0.89 val_pos=0.11 val_neg=0.89
4391.2	4408.6	char=PRESIDENTNIXON tags=la,pos,face,verbal arousal=-0.78 val_pos=0.78 val_neg=0.00
4408.6	4435.6	char=PRESIDENTNIXON tags=la,neg,self,face arousal=-0.61 val_pos=0.17 val_neg=0.61
4408.6	4431.5	char=FORREST tags=la,pos,other,verbal arousal=-0.78 val_pos=0.67 val_neg=0.44
4435.6	4488.0	char=PRESIDENTNIXON tags=pos,neg,self,face,gesture arousal=-0.11 val_pos=0.56 val_neg=0.56
4435.6	4488.0	char=FORREST tags=pos,neg,self,face,gesture arousal=-0.33 val_pos=0.67 val_neg=0.89
4488.0	4504.1	char=MRSGUMP tags=ha,pos,other,happiness,face,gesture arousal=0.56 val_pos=1.00 val_neg=0.00
4504.1	4507.7	char=MRSGUMP tags=pos,other,happiness,face,gesture arousal=0.33 val_pos=1.00 val_neg=0.00
4507.7	4544.4	char=FORREST tags=pos,context arousal=-0.11 val_pos=0.56 val_neg=0.00
4507.7	4544.4	char=WOMAN tags=pos,other,happiness,face arousal=-0.22 val_pos=0.67 val_neg=0.00
4507.7	4544.4	char=MRSGUMP tags=pos,neg,other,happiness,face,verbal arousal=-0.11 val_pos=1.00 val_neg=0.56
4544.4	4555.0	char=MRSBLUE tags=la,neg,other,verbal arousal=-0.56 val_pos=0.00 val_neg=0.56
4555.0	4559.4	char=MRSBLUE tags=la,neg,other,contempt,gesture,verbal arousal=-0.67 val_pos=0.00 val_neg=0.89
4559.4	4561.6	char=MRSBLUE tags=la,neg,other,gesture,verbal arousal=-0.56 val_pos=0.00 val_neg=0.78
4561.6	4563.5	char=MRSBLUE tags=la,neg,other,verbal arousal=-0.67 val_pos=0.11 val_neg=0.56
4567.0	4571.8	char=FORREST tags=la,neg arousal=-0.56 val_pos=0.00 val_neg=0.56
4571.8	4588.7	char=FORREST tags=la,neg,sadness,context,face arousal=-0.89 val_pos=0.00 val_neg=0.89
4597.8	4604.8	char=OLDMAN tags=la,other,face,verbal arousal=-0.56 val_pos=0.44 val_neg=0.33
4614.6	4629.1	char=FORREST tags=pos,self,face,verbal arousal=-0.22 val_pos=1.00 val_neg=0.22
4645.0	4659.0	char=FORREST tags=la,neg,self,disappointment,context,face arousal=-0.89 val_pos=0.44 val_neg=1.00
4659.0	4681.3	char=OLDMAN tags=pos,other,gloating,face,verbal arousal=-0.22 val_pos=1.00 val_neg=0.11
4659.0	4681.3	char=FORREST tags=la,neg,self,other,disappointment,context,face,verbal arousal=-0.78 val_pos=0.33 val_neg=1.00
4681.3	4708.4	char=CROWD tags=ha,pos arousal=0.56 val_pos=0.56 val_neg=0.00
4681.3	4689.1	char=FORRESTVO tags=pos,other,love,verbal arousal=-0.44 val_pos=0.67 val_neg=0.00
4689.1	4708.4	char=JENNY tags=pos,self,happiness,audio,face arousal=0.44 val_pos=0.89 val_neg=0.22
4689.1	4708.4	char=FORREST tags=la,neg,sadness,face arousal=-0.67 val_pos=0.00 val_neg=0.89
4689.1	4708.4	char=FORRESTVO tags=la,neg arousal=-0.56 val_pos=0.11 val_neg=0.56
4708.4	4713.9	char=FORREST tags=la,neg,other,sadness,face arousal=-0.78 val_pos=0.00 val_neg=1.00
4708.4	4713.9	char=FORRESTVO tags=la,verbal arousal=-0.56 val_pos=0.22 val_neg=0.44
4713.9	4737.3	char=JENNY tags=la,neg,self,face,gesture arousal=-0.78 val_pos=0.00 val_neg=1.00
4713.9	4737.3	char=FORREST tags=neg,sadness,face arousal=-0.44 val_pos=0.00 val_neg=0.67
4737.3	4776.3	char=JENNY tags=neg,self,face arousal=0.11 val_pos=0.11 val_neg=0.89
4776.3	4782.6	char=JENNY tags=ha,neg,self,fear,face,gesture arousal=0.56 val_pos=0.00 val_neg=1.00
4782.6	4800.7	char=JENNY tags=ha,neg,self,fear,sadness,face,gesture arousal=0.78 val_pos=0.00 val_neg=1.00
4800.7	4818.8	char=FORREST tags=la,neg,self,other,sadness,face arousal=-1.00 val_pos=0.22 val_neg=1.00
4800.7	4818.8	char=FORRESTVO tags=la arousal=-0.56 val_pos=0.22 val_neg=0.33
4832.9	4871.1	char=FORREST tags=ha,pos,other,happiness,face,gesture arousal=0.78 val_pos=1.00 val_neg=0.00
4871.1	4875.5	char=FORREST tags=pos,happiness,face arousal=0.39 val_pos=0.67 val_neg=0.00
4875.5	4889.6	char=DAN tags=la,pos,other,face,verbal arousal=-0.56 val_pos=1.00 val_neg=0.17
4884.2	4889.6	char=FORREST tags=pos,audio,face,gesture arousal=-0.22 val_pos=0.78 val_neg=0.00
4889.6	4900.5	char=DAN tags=la,pos,self,happiness,face,verbal arousal=-0.83 val_pos=0.89 val_neg=0.00
4889.6	4897.5	char=FORREST tags=pos,face,gesture arousal=0.11 val_pos=0.67 val_neg=0.00
4897.5	4902.6	char=FORREST tags=pos,other,happiness,audio,face,gesture arousal=0.33 val_pos=1.00 val_neg=0.06
4900.5	4902.6	char=DAN tags=la,pos,face,verbal arousal=-0.67 val_pos=0.67 val_neg=0.22
4902.6	4917.0	char=DAN tags=pos,verbal arousal=-0.44 val_pos=0.56 val_neg=0.22
4902.6	4917.0	char=FORREST tags=neg,other,gesture arousal=0.22 val_pos=0.44 val_neg=0.56
4917.0	4935.5	char=DAN tags=pos,self,verbal arousal=-0.33 val_pos=0.83 val_neg=0.17
4935.5	4943.6	char=DAN tags=neg,verbal arousal=-0.22 val_pos=0.44 val_neg=0.67
4943.6	4951.2	char=DAN tags=pos,self,hope,face,verbal arousal=0.22 val_pos=1.00 val_neg=0.44
4951.2	4973.6	char=DAN tags=la,neg,self,disappointment,face arousal=-0.78 val_pos=0.11 val_neg=0.89
4951.2	4973.6	char=FORREST tags=la,neg,self,disappointment,context,face,verbal arousal=-1.00 val_pos=0.11 val_neg=1.00
4973.6	4982.2	char=CROWD tags=pos,self,face,gesture arousal=0.33 val_pos=0.78 val_neg=0.00
4973.6	4982.2	char=FORREST tags=la,self arousal=-0.56 val_pos=0.33 val_neg=0.44
4982.2	4989.2	char=CROWD tags=pos,self arousal=0.22 val_pos=0.67 val_neg=0.00
4982.2	4989.2	char=DAN tags=la,neg,self,face arousal=-0.78 val_pos=0.11 val_neg=0.67
4989.2	5014.5	char=DAN tags=la,neg,self,verbal arousal=-0.89 val_pos=0.00 val_neg=0.89
4989.2	5014.5	char=FORREST tags=la,neg,self,disappointment,context,face arousal=-0.89 val_pos=0.00 val_neg=1.00
5014.5	5031.8	char=DAN tags=pos arousal=0.44 val_pos=0.56 val_neg=0.22
5014.5	5031.8	char=FORREST tags=ha,neg,self,fear,gesture arousal=0.56 val_pos=0.00 val_neg=0.78
5031.8	5044.0	char=DAN tags=ha,pos,self,audio,gesture,verbal arousal=1.00 val_pos=0.89 val_neg=0.22
5031.8	5053.3	char=FORREST tags=ha,neg,self,fear,context,gesture,verbal arousal=0.89 val_pos=0.00 val_neg=0.89
5044.0	5047.9	char=DAN tags=ha,pos,self,gesture,verbal arousal=1.00 val_pos=0.78 val_neg=0.22
5047.9	5064.6	char=DAN tags=ha,pos,self,verbal arousal=0.89 val_pos=0.78 val_neg=0.11
5053.3	5064.6	char=FORREST tags=ha,neg,self,fear,context arousal=0.78 val_pos=0.00 val_neg=0.78
5066.7	5074.2	char=MAN tags=la,neg arousal=-0.56 val_pos=0.00 val_neg=0.56
5084.7	5087.1	char=MRSGUMP tags=ha,pos,other,face arousal=0.78 val_pos=0.89 val_neg=0.11
5087.1	5090.2	char=FORREST tags=pos arousal=-0.11 val_pos=0.56 val_neg=0.00
5087.1	5090.2	char=MRSGUMP tags=ha,pos,face arousal=0.56 val_pos=0.56 val_neg=0.00
5087.1	5090.2	char=FORRESTVO tags=la,pos arousal=-0.56 val_pos=0.56 val_neg=0.00
5092.9	5099.8	char=DAN tags=ha,pos,self,happiness,context,face arousal=0.56 val_pos=1.00 val_neg=0.00
5092.9	5099.8	char=FORREST tags=pos,self,happiness,context,face,gesture arousal=0.11 val_pos=1.00 val_neg=0.00
5099.8	5118.7	char=FORREST tags=pos,self,happiness,pride,face,gesture,verbal arousal=-0.33 val_pos=1.00 val_neg=0.11
5099.8	5118.7	char=MAN tags=other,face,verbal arousal=0.22 val_pos=0.44 val_neg=0.22
5118.7	5123.3	char=MAN tags=pos,other,audio,face,verbal arousal=0.44 val_pos=0.67 val_neg=0.22
5123.3	5141.4	char=OLDWOMAN tags=la,pos,other,verbal arousal=-0.56 val_pos=0.56 val_neg=0.00
5123.3	5141.4	char=FORREST tags=la,neg,self,context,face arousal=-0.78 val_pos=0.22 val_neg=0.67
5123.3	5141.4	char=MAN tags=ha,pos,other,audio,face,verbal arousal=0.78 val_pos=0.89 val_neg=0.33
5141.4	5162.0	char=OLDWOMAN tags=la,pos,other,admiration,face,verbal arousal=-0.89 val_pos=0.89 val_neg=0.11
5141.4	5144.9	char=FORREST tags=la,neg arousal=-0.56 val_pos=0.00 val_neg=0.56
5144.9	5162.0	char=FORREST tags=context arousal=-0.33 val_pos=0.22 val_neg=0.44
5162.0	5164.0	char=OLDWOMAN tags=la,other,face arousal=-0.67 val_pos=0.44 val_neg=0.44
5164.0	5166.8	char=OLDWOMAN tags=la,neg,other,face arousal=-0.78 val_pos=0.22 val_neg=0.56
5171.2	5178.8	char=DAN tags=la,pos,other,gratitude,face,verbal arousal=-0.56 val_pos=0.89 val_neg=0.11
5178.8	5181.5	char=DAN tags=pos,other,gratitude,face,verbal arousal=-0.44 val_pos=0.78 val_neg=0.11
5181.5	5182.8	char=DAN tags=la,pos,other,gratitude,face,verbal arousal=-0.56 val_pos=0.67 val_neg=0.11
5182.8	5193.2	char=DAN tags=la,pos,self,other,happiness,face,verbal arousal=-0.67 val_pos=0.89 val_neg=0.11
5182.8	5193.2	char=FORREST tags=la,pos arousal=-0.56 val_pos=0.56 val_neg=0.00
5193.2	5207.9	char=DAN tags=pos,self,happiness,face arousal=-0.44 val_pos=0.67 val_neg=0.00
5198.0	5207.9	char=FORRESTVO tags=la,pos,verbal arousal=-0.67 val_pos=0.67 val_neg=0.00
5207.9	5237.8	char=OLDWOMAN tags=pos,other,face,gesture arousal=-0.44 val_pos=1.00 val_neg=0.00
5207.9	5237.8	char=FORREST tags=la,pos,self,context,face arousal=-0.78 val_pos=0.78 val_neg=0.11
5207.9	5237.8	char=FORRESTVO tags=la,pos arousal=-0.56 val_pos=0.56 val_neg=0.00
5237.8	5242.4	char=FORRESTVO tags=la,pos,verbal arousal=-0.56 val_pos=0.56 val_neg=0.00
5242.4	5253.1	char=FORRESTVO tags=la,pos,self,verbal arousal=-0.67 val_pos=0.67 val_neg=0.00
5253.1	5263.2	char=CROWD tags=pos,happiness arousal=0.44 val_pos=0.67 val_neg=0.00
5253.1	5257.4	char=FORREST tags=la,pos,self,face,verbal arousal=-0.67 val_pos=0.67 val_neg=0.00
5272.6	5278.9	char=CROWD tags=ha,pos,other,happiness,audio,gesture arousal=0.78 val_pos=0.78 val_neg=0.00
5278.9	5292.2	char=FORREST tags=la,pos,face arousal=-0.56 val_pos=0.56 val_neg=0.00
5278.9	5290.5	char=MRSBLUE tags=ha,pos,other,gesture arousal=0.67 val_pos=0.89 val_neg=0.00
5292.2	5298.6	char=MRSBLUE tags=la,pos,self,face,verbal arousal=-0.89 val_pos=0.89 val_neg=0.00
5298.6	5307.3	char=FORREST tags=la,neg,self,sadness,context,face arousal=-0.67 val_pos=0.44 val_neg=0.67
5298.6	5307.3	char=FORRESTVO tags=la,pos,self,happiness,verbal arousal=-0.56 val_pos=0.78 val_neg=0.00
5307.3	5349.2	char=FORREST tags=la,neg,self,sadness,face arousal=-0.89 val_pos=0.44 val_neg=1.00
5307.3	5318.2	char=FORRESTVO tags=la,neg,sadness,verbal arousal=-0.78 val_pos=0.22 val_neg=0.67
5368.1	5387.6	char=FORRESTVO tags=pos,love arousal=-0.11 val_pos=0.56 val_neg=0.00
5381.8	5387.6	char=FORREST tags=pos,other,context,face arousal=0.11 val_pos=0.67 val_neg=0.44
5387.6	5390.3	char=FORREST tags=pos,other,face arousal=0.22 val_pos=0.67 val_neg=0.00
5402.0	5404.3	char=FORREST tags=pos,other,face,gesture arousal=0.00 val_pos=0.78 val_neg=0.00
5404.3	5430.0	char=FORREST tags=pos,other,happiness,face,gesture arousal=0.22 val_pos=0.94 val_neg=0.00
5411.4	5414.4	char=JENNY tags=pos,other,happiness,face arousal=-0.33 val_pos=0.89 val_neg=0.00
5414.4	5417.6	char=JENNY tags=pos,other,face arousal=-0.22 val_pos=0.89 val_neg=0.00
5417.6	5422.9	char=JENNY tags=pos,other,happiness,love,face,gesture arousal=-0.11 val_pos=1.00 val_neg=0.00
5422.9	5430.0	char=JENNY tags=pos,other,love,face,gesture arousal=-0.11 val_pos=1.00 val_neg=0.00
5430.0	5445.9	char=FORREST tags=pos,other arousal=-0.44 val_pos=0.67 val_neg=0.00
5430.0	5445.9	char=FORRESTVO tags=pos,verbal arousal=-0.11 val_pos=0.56 val_neg=0.00
5445.9	5463.8	char=JENNY tags=la,pos,neg,other,face arousal=-0.56 val_pos=0.78 val_neg=0.67
5445.9	5463.8	char=FORREST tags=pos,context,gesture arousal=-0.44 val_pos=0.78 val_neg=0.00
5445.9	5463.8	char=FORRESTVO tags=pos,self,verbal arousal=-0.22 val_pos=0.67 val_neg=0.00
5463.8	5474.1	char=JENNY tags=neg,self,face arousal=-0.44 val_pos=0.33 val_neg=0.78
5463.8	5474.1	char=FORRESTVO tags=la,pos,happiness,verbal arousal=-0.56 val_pos=0.78 val_neg=0.00
5474.1	5481.5	char=JENNY tags=la,neg,self,sadness,face arousal=-0.89 val_pos=0.44 val_neg=0.67
5474.1	5488.8	char=FORRESTVO tags=pos,verbal arousal=-0.28 val_pos=0.61 val_neg=0.00
5481.5	5488.8	char=JENNY tags=pos,other,happiness,context,face,gesture arousal=-0.44 val_pos=0.89 val_neg=0.00
5481.5	5488.8	char=FORREST tags=la,pos,self,other,happiness,context,face arousal=-0.56 val_pos=1.00 val_neg=0.00
5488.8	5508.1	char=JENNY tags=pos,self,other,happiness,context,face,gesture arousal=-0.22 val_pos=1.00 val_neg=0.00
5488.8	5508.1	char=FORREST tags=pos,self,other,happiness,context,gesture arousal=-0.44 val_pos=1.00 val_neg=0.00
5488.8	5508.1	char=FORRESTVO tags=pos,self,verbal arousal=-0.33 val_pos=0.78 val_neg=0.00
5508.1	5520.6	char=JENNY tags=la,pos,other,love,gesture arousal=-0.56 val_pos=1.00 val_neg=0.00
5508.1	5520.6	char=FORREST tags=la,pos,other,happiness,context arousal=-0.67 val_pos=0.89 val_neg=0.00
5508.1	5520.6	char=FORRESTVO tags=pos,verbal arousal=-0.33 val_pos=0.56 val_neg=0.00
5520.6	5548.6	char=JENNY tags=la,neg,self,other,face,gesture arousal=-0.78 val_pos=0.44 val_neg=0.67
5520.6	5548.6	char=FORREST tags=pos,other,face arousal=-0.33 val_pos=0.56 val_neg=0.22
5548.6	5569.4	char=JENNY tags=la,neg,other,face arousal=-0.78 val_pos=0.22 val_neg=1.00
5548.6	5561.0	char=FORREST tags=pos,other,love,face arousal=-0.44 val_pos=0.78 val_neg=0.22
5561.0	5565.4	char=FORREST tags=pos,other arousal=-0.33 val_pos=0.67 val_neg=0.11
5565.4	5569.4	char=FORREST tags=la,pos,neg,other,disappointment,face,verbal arousal=-0.56 val_pos=0.56 val_neg=1.00
5569.4	5574.0	char=JENNY tags=la,neg,self,other,face arousal=-0.78 val_pos=0.11 val_neg=1.00
5569.4	5574.0	char=FORREST tags=la,neg,other,disappointment,face,verbal arousal=-0.56 val_pos=0.22 val_neg=1.00
5574.0	5579.3	char=JENNY tags=la,neg,self,face arousal=-0.78 val_pos=0.00 val_neg=1.00
5574.0	5579.3	char=FORREST tags=la,neg,self,other,disappointment,sadness,context,face,gesture arousal=-0.56 val_pos=0.22 val_neg=1.00
5579.3	5605.1	char=JENNY tags=la,neg,other,face arousal=-0.78 val_pos=0.00 val_neg=1.00
5579.3	5598.2	char=FORREST tags=la,neg,self,other,sadness,context,face,gesture arousal=-0.56 val_pos=0.22 val_neg=1.00
5598.2	5605.1	char=FORREST tags=neg arousal=-0.44 val_pos=0.22 val_neg=0.67
5609.1	5630.1	char=JENNY tags=pos,other,love,verbal arousal=-0.22 val_pos=0.78 val_neg=0.11
5630.1	5662.7	char=JENNY tags=pos,other,love,gesture,verbal arousal=-0.17 val_pos=1.00 val_neg=0.06
5630.1	5662.7	char=FORREST tags=pos,other,love,gesture arousal=-0.22 val_pos=1.00 val_neg=0.06
5679.7	5689.5	char=JENNY tags=la,neg,self arousal=-0.56 val_pos=0.00 val_neg=0.78
5706.6	5728.8	char=FORREST tags=la,neg,self,sadness,face arousal=-0.78 val_pos=0.00 val_neg=1.00
5728.8	5737.1	char=FORREST tags=la,neg,self,sadness,context,face arousal=-0.78 val_pos=0.00 val_neg=1.00
5737.1	5756.5	char=FORREST tags=neg,self,sadness arousal=-0.22 val_pos=0.11 val_neg=0.56
5756.5	5772.8	char=FORREST tags=neg,self arousal=-0.11 val_pos=0.11 val_neg=0.56
5772.8	5786.0	char=FORREST tags=self arousal=0.11 val_pos=0.11 val_neg=0.44
5779.4	5786.0	char=FORRESTVO tags=la,pos,self arousal=-0.56 val_pos=0.56 val_neg=0.00
5815.1	5836.3	char=FORRESTVO tags=pos,self arousal=-0.33 val_pos=0.56 val_neg=0.00
5847.3	5853.6	char=OLDWOMAN tags=pos,other,admiration,face,verbal arousal=-0.33 val_pos=1.00 val_neg=0.00
5884.4	5900.5	char=FORRESTVO tags=la,other,verbal arousal=-0.67 val_pos=0.33 val_neg=0.33
5909.0	5922.4	char=JENNY tags=pos,other,verbal arousal=-0.11 val_pos=1.00 val_neg=0.11
5922.4	5939.0	char=FORREST tags=la arousal=-0.56 val_pos=0.44 val_neg=0.33
5940.7	5950.5	char=FORREST tags=la,pos,self,face,verbal arousal=-0.72 val_pos=0.72 val_neg=0.06
5940.7	5945.2	char=MAN tags=ha,pos,other,admiration,face,verbal arousal=0.78 val_pos=1.00 val_neg=0.00
5945.2	5950.5	char=MAN tags=ha,pos,other,admiration,verbal arousal=0.67 val_pos=0.67 val_neg=0.00
5950.5	5962.6	char=MAN tags=ha,pos,other,admiration,face,verbal arousal=1.00 val_pos=1.00 val_neg=0.00
5967.9	5973.4	char=FORREST tags=la,pos,verbal arousal=-0.67 val_pos=0.67 val_neg=0.11
5973.4	5980.2	char=FORREST tags=la,pos,self,verbal arousal=-0.78 val_pos=0.78 val_neg=0.00
5980.2	6012.3	char=MAN tags=pos,other,face,verbal arousal=0.22 val_pos=0.89 val_neg=0.22
6015.5	6036.8	char=FORREST tags=la,pos arousal=-0.67 val_pos=0.56 val_neg=0.33
6015.5	6036.8	char=MAN tags=pos,self,gesture,verbal arousal=-0.22 val_pos=0.56 val_neg=0.44
6036.8	6041.8	char=MAN tags=self arousal=0.11 val_pos=0.44 val_neg=0.22
6041.8	6045.7	char=MAN tags=ha,pos,self,happiness,face arousal=0.78 val_pos=0.89 val_neg=0.11
6045.7	6078.3	char=FORRESTVO tags=la,pos,self arousal=-0.56 val_pos=0.56 val_neg=0.00
6078.3	6088.1	char=MAN tags=ha,pos,other,admiration,gesture,verbal arousal=0.56 val_pos=1.00 val_neg=0.00
6088.1	6106.8	char=FORREST tags=la,neg,self,verbal arousal=-0.56 val_pos=0.00 val_neg=0.56
6088.1	6106.8	char=MAN tags=pos,other,admiration,gesture,verbal arousal=0.44 val_pos=0.89 val_neg=0.00
6106.8	6134.8	char=MAN tags=neg,other,disappointment,gesture,verbal arousal=-0.44 val_pos=0.44 val_neg=1.00
6141.2	6153.8	char=FORREST tags=pos,face arousal=-0.33 val_pos=0.56 val_neg=0.00
6153.8	6190.1	char=OLDWOMAN tags=la,pos,other,audio,face arousal=-0.56 val_pos=1.00 val_neg=0.00
6153.8	6190.1	char=FORREST tags=pos,self,happiness,face,verbal arousal=0.11 val_pos=0.89 val_neg=0.00
6190.1	6200.2	char=OLDWOMAN tags=la,pos,other,face,verbal arousal=-0.56 val_pos=0.89 val_neg=0.00
6190.1	6200.2	char=FORREST tags=ha,pos,self,face arousal=0.78 val_pos=0.78 val_neg=0.00
6200.2	6207.2	char=JENNY tags=ha,pos,other,happiness,face arousal=0.89 val_pos=1.00 val_neg=0.00
6202.4	6228.6	char=FORREST tags=ha,pos,other,happiness,face arousal=0.67 val_pos=0.89 val_neg=0.00
6207.2	6232.3	char=JENNY tags=pos,other,happiness,face arousal=0.11 val_pos=0.83 val_neg=0.00
6228.6	6232.3	char=FORREST tags=face arousal=-0.11 val_pos=0.33 val_neg=0.33
6232.3	6238.1	char=JENNY tags=la,pos,other,happiness,face,verbal arousal=-0.56 val_pos=1.00 val_neg=0.00
6238.1	6245.6	char=JENNY tags=la,pos,other,face,verbal arousal=-0.56 val_pos=1.00 val_neg=0.00
6245.6	6284.6	char=JENNY tags=la,pos,neg,self,other,happiness,remorse,face,verbal arousal=-0.56 val_pos=1.00 val_neg=1.00
6245.6	6284.6	char=FORREST tags=pos,other,love,face arousal=-0.22 val_pos=0.78 val_neg=0.22
6245.6	6299.0	char=WOMAN tags=pos,happiness,face arousal=-0.33 val_pos=0.56 val_neg=0.00
6284.6	6299.0	char=JENNY tags=la,pos,other,happiness,verbal arousal=-0.72 val_pos=0.72 val_neg=0.00
6299.0	6302.2	char=JENNY tags=la,pos,other,verbal arousal=-0.67 val_pos=0.67 val_neg=0.00
6311.4	6339.1	char=JENNY tags=la,neg,other,face arousal=-0.67 val_pos=0.33 val_neg=0.67
6311.4	6339.1	char=FORREST tags=pos,neg,self,other,context,face,verbal arousal=0.11 val_pos=0.78 val_neg=1.00
6339.1	6355.3	char=JENNY tags=la,neg,other,face,verbal arousal=-1.00 val_pos=0.22 val_neg=0.78
6339.1	6359.4	char=FORREST tags=ha,neg,self,face arousal=1.00 val_pos=0.00 val_neg=1.00
6355.3	6359.4	char=JENNY tags=la,pos,neg,other,love,face,verbal arousal=-0.89 val_pos=1.00 val_neg=0.78
6359.4	6391.2	char=JENNY tags=la,pos,other,love,face,verbal arousal=-0.78 val_pos=1.00 val_neg=0.11
6359.4	6391.2	char=FORREST tags=pos,neg,self,other,fear,relief,context,face,gesture,verbal arousal=0.33 val_pos=0.89 val_neg=1.00
6391.2	6405.9	char=JENNY tags=la,pos,other,face arousal=-0.67 val_pos=0.89 val_neg=0.00
6391.2	6405.9	char=FORREST tags=pos,other,face arousal=0.00 val_pos=0.56 val_neg=0.11
6405.9	6412.0	char=JENNY tags=la,pos,self,other,face arousal=-0.56 val_pos=0.89 val_neg=0.22
6412.0	6418.1	char=JENNY tags=pos,face arousal=-0.44 val_pos=0.56 val_neg=0.33
6418.1	6462.4	char=JENNY tags=la,neg,self,sadness,face arousal=-0.94 val_pos=0.11 val_neg=1.00
6418.1	6441.8	char=FORREST tags=la,other arousal=-0.56 val_pos=0.33 val_neg=0.44
6441.8	6462.4	char=FORREST tags=neg,other,fear,love,context,face,verbal arousal=-0.44 val_pos=0.33 val_neg=1.00
6462.4	6466.6	char=JENNY tags=la,pos,neg,self,other,love,sadness,face,verbal arousal=-0.78 val_pos=1.00 val_neg=0.67
6462.4	6466.6	char=FORREST tags=neg,other,context,face arousal=-0.44 val_pos=0.22 val_neg=0.78
6466.6	6474.2	char=JENNY tags=la,pos,other,face,verbal arousal=-0.67 val_pos=0.89 val_neg=0.00
6466.6	6474.2	char=FORREST tags=pos,other,context,face arousal=-0.33 val_pos=0.78 val_neg=0.44
6474.2	6512.1	char=JENNY tags=la,pos,self,other,happiness,love,face,gesture arousal=-0.56 val_pos=1.00 val_neg=0.00
6474.2	6512.1	char=FORREST tags=pos,other,love,face arousal=-0.11 val_pos=1.00 val_neg=0.22
6515.8	6525.6	char=FORREST tags=pos,other arousal=0.22 val_pos=0.67 val_neg=0.00
6525.6	6533.8	char=JENNY tags=la,pos,other,face arousal=-0.78 val_pos=0.78 val_neg=0.00
6525.6	6536.4	char=FORREST tags=pos,other,face arousal=0.00 val_pos=0.89 val_neg=0.00
6533.8	6580.1	char=JENNY tags=la,pos,other,happiness,face arousal=-0.89 val_pos=0.89 val_neg=0.00
6533.8	6554.5	char=DAN tags=pos,other,happiness,face arousal=-0.33 val_pos=1.00 val_neg=0.00
6536.4	6567.5	char=FORREST tags=pos,other,face,verbal arousal=-0.44 val_pos=0.89 val_neg=0.00
6554.5	6565.4	char=DAN tags=pos,other,happiness,love,face arousal=-0.33 val_pos=1.00 val_neg=0.00
6565.4	6599.5	char=DAN tags=pos,other,happiness,face arousal=-0.33 val_pos=1.00 val_neg=0.00
6565.4	6567.5	char=WOMAN tags=la,pos arousal=-0.56 val_pos=0.56 val_neg=0.00
6567.5	6580.1	char=FORREST tags=pos,other,pride,face,verbal arousal=0.11 val_pos=0.94 val_neg=0.00
6580.1	6582.2	char=FORREST tags=pos,other,pride,face arousal=0.22 val_pos=0.89 val_neg=0.00
6582.2	6584.6	char=FORREST tags=pos,other arousal=0.11 val_pos=0.56 val_neg=0.00
6584.6	6599.5	char=JENNY tags=pos,other arousal=-0.11 val_pos=0.56 val_neg=0.00
6613.8	6622.5	char=FORREST tags=pos,other,face arousal=-0.11 val_pos=0.56 val_neg=0.33
6622.5	6652.2	char=FORREST tags=other,face arousal=-0.33 val_pos=0.44 val_neg=0.44
6632.5	6658.8	char=JENNY tags=la,gesture arousal=-0.56 val_pos=0.33 val_neg=0.44
6658.8	6670.5	char=JENNY tags=pos,other,face arousal=-0.33 val_pos=0.56 val_neg=0.44
6658.8	6670.5	char=FORREST tags=pos,self,other,face arousal=-0.33 val_pos=1.00 val_neg=0.11
6670.5	6676.4	char=JENNY tags=la,pos,other,face arousal=-0.67 val_pos=0.78 val_neg=0.11
6672.0	6676.4	char=FORREST tags=la,pos,self,context arousal=-0.78 val_pos=0.78 val_neg=0.11
6672.0	6684.8	char=FORRESTVO tags=la,pos,self,verbal arousal=-0.67 val_pos=0.72 val_neg=0.00
6676.4	6684.8	char=FORREST tags=la,pos,self arousal=-0.56 val_pos=0.56 val_neg=0.00
6684.8	6693.0	char=FORREST tags=pos,self,face,verbal arousal=-0.33 val_pos=0.89 val_neg=0.22
6684.8	6693.0	char=FORRESTVO tags=la,pos,verbal arousal=-0.56 val_pos=0.78 val_neg=0.11
6693.0	6696.4	char=FORREST tags=pos,self,face arousal=-0.22 val_pos=0.78 val_neg=0.22
6693.0	6696.4	char=FORRESTVO tags=pos,verbal arousal=-0.44 val_pos=0.56 val_neg=0.22
6696.4	6709.1	char=FORREST tags=la,pos,self,context,face arousal=-0.78 val_pos=0.78 val_neg=0.11
6696.4	6709.1	char=FORRESTVO tags=la,pos,self,verbal arousal=-0.56 val_pos=0.67 val_neg=0.22
6709.1	6715.9	char=FORREST tags=la,pos,self,face arousal=-0.67 val_pos=0.78 val_neg=0.11
6711.9	6720.9	char=JENNY tags=la,pos,self,face,verbal arousal=-0.56 val_pos=0.56 val_neg=0.33
6715.9	6720.9	char=FORREST tags=la,pos,self,other,love,face,verbal arousal=-0.67 val_pos=1.00 val_neg=0.22
6720.9	6732.4	char=JENNY tags=la,pos,other,love,face,gesture,verbal arousal=-0.56 val_pos=0.89 val_neg=0.22
6720.9	6724.4	char=FORREST tags=la,pos,other,love,face,verbal arousal=-0.56 val_pos=1.00 val_neg=0.22
6724.4	6732.4	char=FORREST tags=pos,other,love,face,verbal arousal=-0.44 val_pos=0.89 val_neg=0.22
6732.4	6739.3	char=JENNY tags=pos,other,love,face,verbal arousal=-0.44 val_pos=0.67 val_neg=0.11
6732.4	6739.3	char=FORREST tags=la,pos,neg,other,love,sadness,face,verbal arousal=-0.56 val_pos=1.00 val_neg=0.67
6732.4	6739.3	char=FORRESTVO tags=neg,other,sadness,verbal arousal=-0.44 val_pos=0.00 val_neg=0.67
6739.3	6746.2	char=FORREST tags=neg,sadness,verbal arousal=-0.22 val_pos=0.00 val_neg=0.67
6746.2	6754.8	char=FORREST tags=neg,other,sadness,face,verbal arousal=-0.44 val_pos=0.00 val_neg=0.89
6760.0	6771.3	char=FORREST tags=la,neg,self,sadness,face,verbal arousal=-0.56 val_pos=0.11 val_neg=1.00
6771.3	6778.3	char=FORREST tags=la,pos,neg,self,other,love,sadness,face,gesture,verbal arousal=-0.67 val_pos=0.89 val_neg=1.00
6778.3	6786.9	char=FORREST tags=la,pos,other,love,face,gesture arousal=-0.67 val_pos=1.00 val_neg=0.11
6786.9	6800.6	char=FORREST tags=la,pos,neg,other,love,sadness,face,verbal arousal=-0.56 val_pos=0.89 val_neg=0.56
6800.6	6807.4	char=FORREST tags=la,pos,other,context,face,verbal arousal=-0.78 val_pos=0.89 val_neg=0.33
6800.6	6807.4	char=FORRESTVO tags=verbal arousal=-0.33 val_pos=0.44 val_neg=0.11
6813.7	6839.2	char=FORREST tags=pos,neg,other,sadness,context,face,verbal arousal=0.00 val_pos=0.67 val_neg=1.00
6839.2	6945.0	char=FORREST tags=neg,other,sadness,face,verbal arousal=0.33 val_pos=0.17 val_neg=1.00
6945.0	6952.2	char=FORREST tags=other arousal=0.11 val_pos=0.33 val_neg=0.44
6952.2	6968.4	char=FORREST tags=la,pos,other,happiness,verbal arousal=-0.78 val_pos=1.00 val_neg=0.00
6968.4	6974.8	char=FORREST tags=verbal arousal=-0.11 val_pos=0.44 val_neg=0.11
6977.8	6980.9	char=FORREST tags=other,verbal arousal=-0.33 val_pos=0.39 val_neg=0.44
6980.9	6991.8	char=FORREST tags=pos,other,love,face,verbal arousal=-0.33 val_pos=0.67 val_neg=0.44
6986.0	6991.8	char=FORRESTJR tags=la,pos,other,love,verbal arousal=-0.78 val_pos=0.78 val_neg=0.00
6991.8	6993.2	char=FORREST tags=pos,other,love,verbal arousal=-0.22 val_pos=0.67 val_neg=0.33
6993.2	7004.4	char=WOMAN tags=la,pos,other,face arousal=-0.67 val_pos=0.67 val_neg=0.22
7004.4	7022.1	char=FORREST tags=pos,other,face arousal=-0.06 val_pos=0.61 val_neg=0.11
7022.1	7082.1	char=FORREST tags=pos,self,face arousal=-0.33 val_pos=0.67 val_neg=0.33
